"","age","animal.Alive","animal.Background","animal.Cage","animal.Cause_of_Death","animal.Death","animal.Gender","animal.Genotype","animal.MouseID","animal.age","animal.id","animal.strain.Strain","assay.assay","experiment.date","experiment.feeding_state","id","values","KetogenicDiet","Diet"
"1",64,FALSE,"Mixed",852004,"Sacrificed","2017-07-28","M","+/+",4086,101,16951,"A/J","Body Weight","2017-06-21","fed",96234,"24700",FALSE,"Control Diet"
"2",64,FALSE,"Mixed",852004,"Sacrificed","2017-07-28","M","+/+",4086,101,16951,"A/J","Total Fat Mass","2017-06-21","fed",96266,"4230",FALSE,"Control Diet"
"3",64,FALSE,"Mixed",852004,"Sacrificed","2017-07-28","M","+/+",4086,101,16951,"A/J","Lean Mass","2017-06-21","fed",96298,"18840",FALSE,"Control Diet"
"4",86,FALSE,"Mixed",852004,"Sacrificed","2017-07-28","M","+/+",4086,101,16951,"A/J","Body Weight","2017-07-13","fed",96342,"27900",FALSE,"Control Diet"
"5",86,FALSE,"Mixed",852004,"Sacrificed","2017-07-28","M","+/+",4086,101,16951,"A/J","Total Fat Mass","2017-07-13","fed",96389,"5480",FALSE,"Control Diet"
"6",86,FALSE,"Mixed",852004,"Sacrificed","2017-07-28","M","+/+",4086,101,16951,"A/J","Lean Mass","2017-07-13","fed",96424,"20340",FALSE,"Control Diet"
"7",79,FALSE,"Mixed",852004,"Sacrificed","2017-07-28","M","+/+",4086,101,16951,"A/J","Body Weight","2017-07-06","fed",96465,"26900",FALSE,"Control Diet"
"8",79,FALSE,"Mixed",852004,"Sacrificed","2017-07-28","M","+/+",4086,101,16951,"A/J","Total Fat Mass","2017-07-06","fed",96500,"4660",FALSE,"Control Diet"
"9",79,FALSE,"Mixed",852004,"Sacrificed","2017-07-28","M","+/+",4086,101,16951,"A/J","Lean Mass","2017-07-06","fed",96534,"19800",FALSE,"Control Diet"
"10",71,FALSE,"Mixed",852004,"Sacrificed","2017-07-28","M","+/+",4086,101,16951,"A/J","Body Weight","2017-06-28","fed",96647,"25000",FALSE,"Control Diet"
"11",71,FALSE,"Mixed",852004,"Sacrificed","2017-07-28","M","+/+",4086,101,16951,"A/J","Total Fat Mass","2017-06-28","fed",96679,"3250",FALSE,"Control Diet"
"12",71,FALSE,"Mixed",852004,"Sacrificed","2017-07-28","M","+/+",4086,101,16951,"A/J","Lean Mass","2017-06-28","fed",96711,"19840",FALSE,"Control Diet"
"13",93,FALSE,"Mixed",852004,"Sacrificed","2017-07-28","M","+/+",4086,101,16951,"A/J","Body Weight","2017-07-20","fed",97103,"29000",FALSE,"Control Diet"
"14",93,FALSE,"Mixed",852004,"Sacrificed","2017-07-28","M","+/+",4086,101,16951,"A/J","Total Fat Mass","2017-07-20","fed",97133,"6030",FALSE,"Control Diet"
"15",93,FALSE,"Mixed",852004,"Sacrificed","2017-07-28","M","+/+",4086,101,16951,"A/J","Lean Mass","2017-07-20","fed",97163,"20580",FALSE,"Control Diet"
"16",97,FALSE,"Mixed",852004,"Sacrificed","2017-07-28","M","+/+",4086,101,16951,"A/J","Body Weight","2017-07-24","fed",97193,"29100",FALSE,"Control Diet"
"17",97,FALSE,"Mixed",852004,"Sacrificed","2017-07-28","M","+/+",4086,101,16951,"A/J","Total Fat Mass","2017-07-24","fed",97222,"6020",FALSE,"Control Diet"
"18",97,FALSE,"Mixed",852004,"Sacrificed","2017-07-28","M","+/+",4086,101,16951,"A/J","Lean Mass","2017-07-24","fed",97251,"21380",FALSE,"Control Diet"
"19",64,FALSE,"Mixed",852004,"Sacrificed","2017-07-28","M","+/+",4087,101,16952,"A/J","Body Weight","2017-06-21","fed",96232,"22400",FALSE,"Control Diet"
"20",64,FALSE,"Mixed",852004,"Sacrificed","2017-07-28","M","+/+",4087,101,16952,"A/J","Total Fat Mass","2017-06-21","fed",96264,"3540",FALSE,"Control Diet"
"21",64,FALSE,"Mixed",852004,"Sacrificed","2017-07-28","M","+/+",4087,101,16952,"A/J","Lean Mass","2017-06-21","fed",96296,"17560",FALSE,"Control Diet"
"22",86,FALSE,"Mixed",852004,"Sacrificed","2017-07-28","M","+/+",4087,101,16952,"A/J","Body Weight","2017-07-13","fed",96344,"26000",FALSE,"Control Diet"
"23",86,FALSE,"Mixed",852004,"Sacrificed","2017-07-28","M","+/+",4087,101,16952,"A/J","Total Fat Mass","2017-07-13","fed",96390,"5000",FALSE,"Control Diet"
"24",86,FALSE,"Mixed",852004,"Sacrificed","2017-07-28","M","+/+",4087,101,16952,"A/J","Lean Mass","2017-07-13","fed",96425,"19230",FALSE,"Control Diet"
"25",79,FALSE,"Mixed",852004,"Sacrificed","2017-07-28","M","+/+",4087,101,16952,"A/J","Body Weight","2017-07-06","fed",96460,"25100",FALSE,"Control Diet"
"26",79,FALSE,"Mixed",852004,"Sacrificed","2017-07-28","M","+/+",4087,101,16952,"A/J","Total Fat Mass","2017-07-06","fed",96497,"4250",FALSE,"Control Diet"
"27",79,FALSE,"Mixed",852004,"Sacrificed","2017-07-28","M","+/+",4087,101,16952,"A/J","Lean Mass","2017-07-06","fed",96531,"18820",FALSE,"Control Diet"
"28",71,FALSE,"Mixed",852004,"Sacrificed","2017-07-28","M","+/+",4087,101,16952,"A/J","Body Weight","2017-06-28","fed",96649,"23100",FALSE,"Control Diet"
"29",71,FALSE,"Mixed",852004,"Sacrificed","2017-07-28","M","+/+",4087,101,16952,"A/J","Total Fat Mass","2017-06-28","fed",96681,"2760",FALSE,"Control Diet"
"30",71,FALSE,"Mixed",852004,"Sacrificed","2017-07-28","M","+/+",4087,101,16952,"A/J","Lean Mass","2017-06-28","fed",96713,"18590",FALSE,"Control Diet"
"31",93,FALSE,"Mixed",852004,"Sacrificed","2017-07-28","M","+/+",4087,101,16952,"A/J","Body Weight","2017-07-20","fed",97106,"27200",FALSE,"Control Diet"
"32",93,FALSE,"Mixed",852004,"Sacrificed","2017-07-28","M","+/+",4087,101,16952,"A/J","Total Fat Mass","2017-07-20","fed",97136,"5150",FALSE,"Control Diet"
"33",93,FALSE,"Mixed",852004,"Sacrificed","2017-07-28","M","+/+",4087,101,16952,"A/J","Lean Mass","2017-07-20","fed",97166,"20110",FALSE,"Control Diet"
"34",97,FALSE,"Mixed",852004,"Sacrificed","2017-07-28","M","+/+",4087,101,16952,"A/J","Body Weight","2017-07-24","fed",97194,"27800",FALSE,"Control Diet"
"35",97,FALSE,"Mixed",852004,"Sacrificed","2017-07-28","M","+/+",4087,101,16952,"A/J","Total Fat Mass","2017-07-24","fed",97223,"5340",FALSE,"Control Diet"
"36",97,FALSE,"Mixed",852004,"Sacrificed","2017-07-28","M","+/+",4087,101,16952,"A/J","Lean Mass","2017-07-24","fed",97252,"20590",FALSE,"Control Diet"
"37",64,FALSE,"Mixed",852004,"Sacrificed","2017-07-28","M","+/+",4088,101,16953,"A/J","Body Weight","2017-06-21","fed",96235,"23100",FALSE,"Control Diet"
"38",64,FALSE,"Mixed",852004,"Sacrificed","2017-07-28","M","+/+",4088,101,16953,"A/J","Total Fat Mass","2017-06-21","fed",96267,"2180",FALSE,"Control Diet"
"39",64,FALSE,"Mixed",852004,"Sacrificed","2017-07-28","M","+/+",4088,101,16953,"A/J","Lean Mass","2017-06-21","fed",96299,"19260",FALSE,"Control Diet"
"40",86,FALSE,"Mixed",852004,"Sacrificed","2017-07-28","M","+/+",4088,101,16953,"A/J","Body Weight","2017-07-13","fed",96341,"25700",FALSE,"Control Diet"
"41",86,FALSE,"Mixed",852004,"Sacrificed","2017-07-28","M","+/+",4088,101,16953,"A/J","Total Fat Mass","2017-07-13","fed",96387,"4280",FALSE,"Control Diet"
"42",86,FALSE,"Mixed",852004,"Sacrificed","2017-07-28","M","+/+",4088,101,16953,"A/J","Lean Mass","2017-07-13","fed",96423,"19490",FALSE,"Control Diet"
"43",79,FALSE,"Mixed",852004,"Sacrificed","2017-07-28","M","+/+",4088,101,16953,"A/J","Body Weight","2017-07-06","fed",96462,"24600",FALSE,"Control Diet"
"44",79,FALSE,"Mixed",852004,"Sacrificed","2017-07-28","M","+/+",4088,101,16953,"A/J","Total Fat Mass","2017-07-06","fed",96498,"3560",FALSE,"Control Diet"
"45",79,FALSE,"Mixed",852004,"Sacrificed","2017-07-28","M","+/+",4088,101,16953,"A/J","Lean Mass","2017-07-06","fed",96532,"19050",FALSE,"Control Diet"
"46",71,FALSE,"Mixed",852004,"Sacrificed","2017-07-28","M","+/+",4088,101,16953,"A/J","Body Weight","2017-06-28","fed",96648,"24000",FALSE,"Control Diet"
"47",71,FALSE,"Mixed",852004,"Sacrificed","2017-07-28","M","+/+",4088,101,16953,"A/J","Total Fat Mass","2017-06-28","fed",96680,"1980",FALSE,"Control Diet"
"48",71,FALSE,"Mixed",852004,"Sacrificed","2017-07-28","M","+/+",4088,101,16953,"A/J","Lean Mass","2017-06-28","fed",96712,"20110",FALSE,"Control Diet"
"49",93,FALSE,"Mixed",852004,"Sacrificed","2017-07-28","M","+/+",4088,101,16953,"A/J","Body Weight","2017-07-20","fed",97105,"25700",FALSE,"Control Diet"
"50",93,FALSE,"Mixed",852004,"Sacrificed","2017-07-28","M","+/+",4088,101,16953,"A/J","Total Fat Mass","2017-07-20","fed",97135,"4680",FALSE,"Control Diet"
"51",93,FALSE,"Mixed",852004,"Sacrificed","2017-07-28","M","+/+",4088,101,16953,"A/J","Lean Mass","2017-07-20","fed",97165,"18990",FALSE,"Control Diet"
"52",97,FALSE,"Mixed",852004,"Sacrificed","2017-07-28","M","+/+",4088,101,16953,"A/J","Body Weight","2017-07-24","fed",97196,"25900",FALSE,"Control Diet"
"53",97,FALSE,"Mixed",852004,"Sacrificed","2017-07-28","M","+/+",4088,101,16953,"A/J","Total Fat Mass","2017-07-24","fed",97225,"4740",FALSE,"Control Diet"
"54",97,FALSE,"Mixed",852004,"Sacrificed","2017-07-28","M","+/+",4088,101,16953,"A/J","Lean Mass","2017-07-24","fed",97254,"19360",FALSE,"Control Diet"
"55",64,FALSE,"Mixed",852004,"Sacrificed","2017-07-28","M","+/+",4089,101,16954,"A/J","Body Weight","2017-06-21","fed",96233,"23500",FALSE,"Control Diet"
"56",64,FALSE,"Mixed",852004,"Sacrificed","2017-07-28","M","+/+",4089,101,16954,"A/J","Total Fat Mass","2017-06-21","fed",96265,"3960",FALSE,"Control Diet"
"57",64,FALSE,"Mixed",852004,"Sacrificed","2017-07-28","M","+/+",4089,101,16954,"A/J","Lean Mass","2017-06-21","fed",96297,"17820",FALSE,"Control Diet"
"58",86,FALSE,"Mixed",852004,"Sacrificed","2017-07-28","M","+/+",4089,101,16954,"A/J","Body Weight","2017-07-13","fed",96345,"28100",FALSE,"Control Diet"
"59",86,FALSE,"Mixed",852004,"Sacrificed","2017-07-28","M","+/+",4089,101,16954,"A/J","Total Fat Mass","2017-07-13","fed",96391,"5920",FALSE,"Control Diet"
"60",86,FALSE,"Mixed",852004,"Sacrificed","2017-07-28","M","+/+",4089,101,16954,"A/J","Lean Mass","2017-07-13","fed",96426,"20150",FALSE,"Control Diet"
"61",79,FALSE,"Mixed",852004,"Sacrificed","2017-07-28","M","+/+",4089,101,16954,"A/J","Body Weight","2017-07-06","fed",96463,"26300",FALSE,"Control Diet"
"62",79,FALSE,"Mixed",852004,"Sacrificed","2017-07-28","M","+/+",4089,101,16954,"A/J","Total Fat Mass","2017-07-06","fed",96499,"4820",FALSE,"Control Diet"
"63",79,FALSE,"Mixed",852004,"Sacrificed","2017-07-28","M","+/+",4089,101,16954,"A/J","Lean Mass","2017-07-06","fed",96533,"19450",FALSE,"Control Diet"
"64",71,FALSE,"Mixed",852004,"Sacrificed","2017-07-28","M","+/+",4089,101,16954,"A/J","Body Weight","2017-06-28","fed",96646,"23700",FALSE,"Control Diet"
"65",71,FALSE,"Mixed",852004,"Sacrificed","2017-07-28","M","+/+",4089,101,16954,"A/J","Total Fat Mass","2017-06-28","fed",96678,"3370",FALSE,"Control Diet"
"66",71,FALSE,"Mixed",852004,"Sacrificed","2017-07-28","M","+/+",4089,101,16954,"A/J","Lean Mass","2017-06-28","fed",96710,"18670",FALSE,"Control Diet"
"67",93,FALSE,"Mixed",852004,"Sacrificed","2017-07-28","M","+/+",4089,101,16954,"A/J","Body Weight","2017-07-20","fed",97104,"29000",FALSE,"Control Diet"
"68",93,FALSE,"Mixed",852004,"Sacrificed","2017-07-28","M","+/+",4089,101,16954,"A/J","Total Fat Mass","2017-07-20","fed",97134,"6800",FALSE,"Control Diet"
"69",93,FALSE,"Mixed",852004,"Sacrificed","2017-07-28","M","+/+",4089,101,16954,"A/J","Lean Mass","2017-07-20","fed",97164,"20150",FALSE,"Control Diet"
"70",97,FALSE,"Mixed",852004,"Sacrificed","2017-07-28","M","+/+",4089,101,16954,"A/J","Body Weight","2017-07-24","fed",97195,"28900",FALSE,"Control Diet"
"71",97,FALSE,"Mixed",852004,"Sacrificed","2017-07-28","M","+/+",4089,101,16954,"A/J","Total Fat Mass","2017-07-24","fed",97224,"6810",FALSE,"Control Diet"
"72",97,FALSE,"Mixed",852004,"Sacrificed","2017-07-28","M","+/+",4089,101,16954,"A/J","Lean Mass","2017-07-24","fed",97253,"20490",FALSE,"Control Diet"
"73",64,FALSE,"Mixed",852003,"Sacrificed","2017-07-28","M","+/+",4090,101,16955,"A/J","Body Weight","2017-06-21","fed",96238,"24700",TRUE,"Ketogenic Diet"
"74",64,FALSE,"Mixed",852003,"Sacrificed","2017-07-28","M","+/+",4090,101,16955,"A/J","Total Fat Mass","2017-06-21","fed",96270,"3730",TRUE,"Ketogenic Diet"
"75",64,FALSE,"Mixed",852003,"Sacrificed","2017-07-28","M","+/+",4090,101,16955,"A/J","Lean Mass","2017-06-21","fed",96302,"19110",TRUE,"Ketogenic Diet"
"76",86,FALSE,"Mixed",852003,"Sacrificed","2017-07-28","M","+/+",4090,101,16955,"A/J","Body Weight","2017-07-13","fed",96359,"24400",TRUE,"Ketogenic Diet"
"77",86,FALSE,"Mixed",852003,"Sacrificed","2017-07-28","M","+/+",4090,101,16955,"A/J","Total Fat Mass","2017-07-13","fed",96402,"3800",TRUE,"Ketogenic Diet"
"78",86,FALSE,"Mixed",852003,"Sacrificed","2017-07-28","M","+/+",4090,101,16955,"A/J","Lean Mass","2017-07-13","fed",96437,"18730",TRUE,"Ketogenic Diet"
"79",79,FALSE,"Mixed",852003,"Sacrificed","2017-07-28","M","+/+",4090,101,16955,"A/J","Body Weight","2017-07-06","fed",96482,"24700",TRUE,"Ketogenic Diet"
"80",79,FALSE,"Mixed",852003,"Sacrificed","2017-07-28","M","+/+",4090,101,16955,"A/J","Total Fat Mass","2017-07-06","fed",96514,"4300",TRUE,"Ketogenic Diet"
"81",79,FALSE,"Mixed",852003,"Sacrificed","2017-07-28","M","+/+",4090,101,16955,"A/J","Lean Mass","2017-07-06","fed",96548,"18370",TRUE,"Ketogenic Diet"
"82",71,FALSE,"Mixed",852003,"Sacrificed","2017-07-28","M","+/+",4090,101,16955,"A/J","Body Weight","2017-06-28","fed",96644,"24600",TRUE,"Ketogenic Diet"
"83",71,FALSE,"Mixed",852003,"Sacrificed","2017-07-28","M","+/+",4090,101,16955,"A/J","Total Fat Mass","2017-06-28","fed",96676,"3510",TRUE,"Ketogenic Diet"
"84",71,FALSE,"Mixed",852003,"Sacrificed","2017-07-28","M","+/+",4090,101,16955,"A/J","Lean Mass","2017-06-28","fed",96708,"19260",TRUE,"Ketogenic Diet"
"85",93,FALSE,"Mixed",852003,"Sacrificed","2017-07-28","M","+/+",4090,101,16955,"A/J","Body Weight","2017-07-20","fed",97116,"24200",TRUE,"Ketogenic Diet"
"86",93,FALSE,"Mixed",852003,"Sacrificed","2017-07-28","M","+/+",4090,101,16955,"A/J","Total Fat Mass","2017-07-20","fed",97146,"3250",TRUE,"Ketogenic Diet"
"87",93,FALSE,"Mixed",852003,"Sacrificed","2017-07-28","M","+/+",4090,101,16955,"A/J","Lean Mass","2017-07-20","fed",97176,"19110",TRUE,"Ketogenic Diet"
"88",97,FALSE,"Mixed",852003,"Sacrificed","2017-07-28","M","+/+",4090,101,16955,"A/J","Body Weight","2017-07-24","fed",97205,"24100",TRUE,"Ketogenic Diet"
"89",97,FALSE,"Mixed",852003,"Sacrificed","2017-07-28","M","+/+",4090,101,16955,"A/J","Total Fat Mass","2017-07-24","fed",97234,"2130",TRUE,"Ketogenic Diet"
"90",97,FALSE,"Mixed",852003,"Sacrificed","2017-07-28","M","+/+",4090,101,16955,"A/J","Lean Mass","2017-07-24","fed",97263,"19900",TRUE,"Ketogenic Diet"
"91",64,FALSE,"Mixed",852003,"Sacrificed","2017-07-28","M","+/+",4091,101,16956,"A/J","Body Weight","2017-06-21","fed",96236,"25700",TRUE,"Ketogenic Diet"
"92",64,FALSE,"Mixed",852003,"Sacrificed","2017-07-28","M","+/+",4091,101,16956,"A/J","Total Fat Mass","2017-06-21","fed",96268,"4420",TRUE,"Ketogenic Diet"
"93",64,FALSE,"Mixed",852003,"Sacrificed","2017-07-28","M","+/+",4091,101,16956,"A/J","Lean Mass","2017-06-21","fed",96300,"19520",TRUE,"Ketogenic Diet"
"94",86,FALSE,"Mixed",852003,"Sacrificed","2017-07-28","M","+/+",4091,101,16956,"A/J","Body Weight","2017-07-13","fed",96355,"24600",TRUE,"Ketogenic Diet"
"95",86,FALSE,"Mixed",852003,"Sacrificed","2017-07-28","M","+/+",4091,101,16956,"A/J","Total Fat Mass","2017-07-13","fed",96400,"3080",TRUE,"Ketogenic Diet"
"96",86,FALSE,"Mixed",852003,"Sacrificed","2017-07-28","M","+/+",4091,101,16956,"A/J","Lean Mass","2017-07-13","fed",96435,"19530",TRUE,"Ketogenic Diet"
"97",79,FALSE,"Mixed",852003,"Sacrificed","2017-07-28","M","+/+",4091,101,16956,"A/J","Body Weight","2017-07-06","fed",96481,"25100",TRUE,"Ketogenic Diet"
"98",79,FALSE,"Mixed",852003,"Sacrificed","2017-07-28","M","+/+",4091,101,16956,"A/J","Total Fat Mass","2017-07-06","fed",96513,"3690",TRUE,"Ketogenic Diet"
"99",79,FALSE,"Mixed",852003,"Sacrificed","2017-07-28","M","+/+",4091,101,16956,"A/J","Lean Mass","2017-07-06","fed",96547,"18870",TRUE,"Ketogenic Diet"
"100",71,FALSE,"Mixed",852003,"Sacrificed","2017-07-28","M","+/+",4091,101,16956,"A/J","Body Weight","2017-06-28","fed",96643,"26200",TRUE,"Ketogenic Diet"
"101",71,FALSE,"Mixed",852003,"Sacrificed","2017-07-28","M","+/+",4091,101,16956,"A/J","Total Fat Mass","2017-06-28","fed",96675,"4190",TRUE,"Ketogenic Diet"
"102",71,FALSE,"Mixed",852003,"Sacrificed","2017-07-28","M","+/+",4091,101,16956,"A/J","Lean Mass","2017-06-28","fed",96707,"20180",TRUE,"Ketogenic Diet"
"103",93,FALSE,"Mixed",852003,"Sacrificed","2017-07-28","M","+/+",4091,101,16956,"A/J","Body Weight","2017-07-20","fed",97115,"25800",TRUE,"Ketogenic Diet"
"104",93,FALSE,"Mixed",852003,"Sacrificed","2017-07-28","M","+/+",4091,101,16956,"A/J","Total Fat Mass","2017-07-20","fed",97145,"3340",TRUE,"Ketogenic Diet"
"105",93,FALSE,"Mixed",852003,"Sacrificed","2017-07-28","M","+/+",4091,101,16956,"A/J","Lean Mass","2017-07-20","fed",97175,"20490",TRUE,"Ketogenic Diet"
"106",97,FALSE,"Mixed",852003,"Sacrificed","2017-07-28","M","+/+",4091,101,16956,"A/J","Body Weight","2017-07-24","fed",97266,"26000",TRUE,"Ketogenic Diet"
"107",97,FALSE,"Mixed",852003,"Sacrificed","2017-07-28","M","+/+",4091,101,16956,"A/J","Total Fat Mass","2017-07-24","fed",97267,"3400",TRUE,"Ketogenic Diet"
"108",97,FALSE,"Mixed",852003,"Sacrificed","2017-07-28","M","+/+",4091,101,16956,"A/J","Lean Mass","2017-07-24","fed",97268,"20500",TRUE,"Ketogenic Diet"
"109",64,FALSE,"Mixed",852003,"Sacrificed","2017-07-28","M","+/+",4092,101,16957,"A/J","Body Weight","2017-06-21","fed",96237,"22400",TRUE,"Ketogenic Diet"
"110",64,FALSE,"Mixed",852003,"Sacrificed","2017-07-28","M","+/+",4092,101,16957,"A/J","Total Fat Mass","2017-06-21","fed",96269,"3220",TRUE,"Ketogenic Diet"
"111",64,FALSE,"Mixed",852003,"Sacrificed","2017-07-28","M","+/+",4092,101,16957,"A/J","Lean Mass","2017-06-21","fed",96301,"17460",TRUE,"Ketogenic Diet"
"112",86,FALSE,"Mixed",852003,"Sacrificed","2017-07-28","M","+/+",4092,101,16957,"A/J","Body Weight","2017-07-13","fed",96360,"21800",TRUE,"Ketogenic Diet"
"113",86,FALSE,"Mixed",852003,"Sacrificed","2017-07-28","M","+/+",4092,101,16957,"A/J","Total Fat Mass","2017-07-13","fed",96403,"3020",TRUE,"Ketogenic Diet"
"114",86,FALSE,"Mixed",852003,"Sacrificed","2017-07-28","M","+/+",4092,101,16957,"A/J","Lean Mass","2017-07-13","fed",96438,"17200",TRUE,"Ketogenic Diet"
"115",79,FALSE,"Mixed",852003,"Sacrificed","2017-07-28","M","+/+",4092,101,16957,"A/J","Body Weight","2017-07-06","fed",96484,"22400",TRUE,"Ketogenic Diet"
"116",79,FALSE,"Mixed",852003,"Sacrificed","2017-07-28","M","+/+",4092,101,16957,"A/J","Total Fat Mass","2017-07-06","fed",96516,"3490",TRUE,"Ketogenic Diet"
"117",79,FALSE,"Mixed",852003,"Sacrificed","2017-07-28","M","+/+",4092,101,16957,"A/J","Lean Mass","2017-07-06","fed",96550,"17040",TRUE,"Ketogenic Diet"
"118",71,FALSE,"Mixed",852003,"Sacrificed","2017-07-28","M","+/+",4092,101,16957,"A/J","Body Weight","2017-06-28","fed",96642,"22700",TRUE,"Ketogenic Diet"
"119",71,FALSE,"Mixed",852003,"Sacrificed","2017-07-28","M","+/+",4092,101,16957,"A/J","Total Fat Mass","2017-06-28","fed",96674,"3000",TRUE,"Ketogenic Diet"
"120",71,FALSE,"Mixed",852003,"Sacrificed","2017-07-28","M","+/+",4092,101,16957,"A/J","Lean Mass","2017-06-28","fed",96706,"18170",TRUE,"Ketogenic Diet"
"121",93,FALSE,"Mixed",852003,"Sacrificed","2017-07-28","M","+/+",4092,101,16957,"A/J","Body Weight","2017-07-20","fed",97118,"22400",TRUE,"Ketogenic Diet"
"122",93,FALSE,"Mixed",852003,"Sacrificed","2017-07-28","M","+/+",4092,101,16957,"A/J","Total Fat Mass","2017-07-20","fed",97148,"2690",TRUE,"Ketogenic Diet"
"123",93,FALSE,"Mixed",852003,"Sacrificed","2017-07-28","M","+/+",4092,101,16957,"A/J","Lean Mass","2017-07-20","fed",97178,"18050",TRUE,"Ketogenic Diet"
"124",97,FALSE,"Mixed",852003,"Sacrificed","2017-07-28","M","+/+",4092,101,16957,"A/J","Body Weight","2017-07-24","fed",97206,"21600",TRUE,"Ketogenic Diet"
"125",97,FALSE,"Mixed",852003,"Sacrificed","2017-07-28","M","+/+",4092,101,16957,"A/J","Total Fat Mass","2017-07-24","fed",97235,"2130",TRUE,"Ketogenic Diet"
"126",97,FALSE,"Mixed",852003,"Sacrificed","2017-07-28","M","+/+",4092,101,16957,"A/J","Lean Mass","2017-07-24","fed",97264,"17880",TRUE,"Ketogenic Diet"
"127",64,FALSE,"Mixed",852003,"Sacrificed","2017-07-28","M","+/+",4093,101,16958,"A/J","Body Weight","2017-06-21","fed",96239,"21400",TRUE,"Ketogenic Diet"
"128",64,FALSE,"Mixed",852003,"Sacrificed","2017-07-28","M","+/+",4093,101,16958,"A/J","Total Fat Mass","2017-06-21","fed",96271,"3040",TRUE,"Ketogenic Diet"
"129",64,FALSE,"Mixed",852003,"Sacrificed","2017-07-28","M","+/+",4093,101,16958,"A/J","Lean Mass","2017-06-21","fed",96303,"16760",TRUE,"Ketogenic Diet"
"130",86,FALSE,"Mixed",852003,"Sacrificed","2017-07-28","M","+/+",4093,101,16958,"A/J","Body Weight","2017-07-13","fed",96357,"21200",TRUE,"Ketogenic Diet"
"131",86,FALSE,"Mixed",852003,"Sacrificed","2017-07-28","M","+/+",4093,101,16958,"A/J","Total Fat Mass","2017-07-13","fed",96401,"3250",TRUE,"Ketogenic Diet"
"132",86,FALSE,"Mixed",852003,"Sacrificed","2017-07-28","M","+/+",4093,101,16958,"A/J","Lean Mass","2017-07-13","fed",96436,"16230",TRUE,"Ketogenic Diet"
"133",79,FALSE,"Mixed",852003,"Sacrificed","2017-07-28","M","+/+",4093,101,16958,"A/J","Body Weight","2017-07-06","fed",96483,"21800",TRUE,"Ketogenic Diet"
"134",79,FALSE,"Mixed",852003,"Sacrificed","2017-07-28","M","+/+",4093,101,16958,"A/J","Total Fat Mass","2017-07-06","fed",96515,"3780",TRUE,"Ketogenic Diet"
"135",79,FALSE,"Mixed",852003,"Sacrificed","2017-07-28","M","+/+",4093,101,16958,"A/J","Lean Mass","2017-07-06","fed",96549,"16400",TRUE,"Ketogenic Diet"
"136",71,FALSE,"Mixed",852003,"Sacrificed","2017-07-28","M","+/+",4093,101,16958,"A/J","Body Weight","2017-06-28","fed",96645,"22400",TRUE,"Ketogenic Diet"
"137",71,FALSE,"Mixed",852003,"Sacrificed","2017-07-28","M","+/+",4093,101,16958,"A/J","Total Fat Mass","2017-06-28","fed",96677,"3060",TRUE,"Ketogenic Diet"
"138",71,FALSE,"Mixed",852003,"Sacrificed","2017-07-28","M","+/+",4093,101,16958,"A/J","Lean Mass","2017-06-28","fed",96709,"17610",TRUE,"Ketogenic Diet"
"139",93,FALSE,"Mixed",852003,"Sacrificed","2017-07-28","M","+/+",4093,101,16958,"A/J","Body Weight","2017-07-20","fed",97117,"22100",TRUE,"Ketogenic Diet"
"140",93,FALSE,"Mixed",852003,"Sacrificed","2017-07-28","M","+/+",4093,101,16958,"A/J","Total Fat Mass","2017-07-20","fed",97147,"3420",TRUE,"Ketogenic Diet"
"141",93,FALSE,"Mixed",852003,"Sacrificed","2017-07-28","M","+/+",4093,101,16958,"A/J","Lean Mass","2017-07-20","fed",97177,"16960",TRUE,"Ketogenic Diet"
"142",97,FALSE,"Mixed",852003,"Sacrificed","2017-07-28","M","+/+",4093,101,16958,"A/J","Body Weight","2017-07-24","fed",97207,"22200",TRUE,"Ketogenic Diet"
"143",97,FALSE,"Mixed",852003,"Sacrificed","2017-07-28","M","+/+",4093,101,16958,"A/J","Total Fat Mass","2017-07-24","fed",97236,"3500",TRUE,"Ketogenic Diet"
"144",97,FALSE,"Mixed",852003,"Sacrificed","2017-07-28","M","+/+",4093,101,16958,"A/J","Lean Mass","2017-07-24","fed",97265,"17310",TRUE,"Ketogenic Diet"
"145",64,FALSE,"Mixed",852002,"Sacrificed","2017-07-28","M","+/+",4094,101,16959,"A/J","Body Weight","2017-06-21","fed",96241,"26700",FALSE,"Control Diet"
"146",64,FALSE,"Mixed",852002,"Sacrificed","2017-07-28","M","+/+",4094,101,16959,"A/J","Total Fat Mass","2017-06-21","fed",96273,"4930",FALSE,"Control Diet"
"147",64,FALSE,"Mixed",852002,"Sacrificed","2017-07-28","M","+/+",4094,101,16959,"A/J","Lean Mass","2017-06-21","fed",96305,"20160",FALSE,"Control Diet"
"148",86,FALSE,"Mixed",852002,"Sacrificed","2017-07-28","M","+/+",4094,101,16959,"A/J","Body Weight","2017-07-13","fed",96340,"28500",FALSE,"Control Diet"
"149",86,FALSE,"Mixed",852002,"Sacrificed","2017-07-28","M","+/+",4094,101,16959,"A/J","Total Fat Mass","2017-07-13","fed",96386,"6300",FALSE,"Control Diet"
"150",86,FALSE,"Mixed",852002,"Sacrificed","2017-07-28","M","+/+",4094,101,16959,"A/J","Lean Mass","2017-07-13","fed",96422,"20210",FALSE,"Control Diet"
"151",79,FALSE,"Mixed",852002,"Sacrificed","2017-07-28","M","+/+",4094,101,16959,"A/J","Body Weight","2017-07-06","fed",96468,"27500",FALSE,"Control Diet"
"152",79,FALSE,"Mixed",852002,"Sacrificed","2017-07-28","M","+/+",4094,101,16959,"A/J","Total Fat Mass","2017-07-06","fed",96502,"5510",FALSE,"Control Diet"
"153",79,FALSE,"Mixed",852002,"Sacrificed","2017-07-28","M","+/+",4094,101,16959,"A/J","Lean Mass","2017-07-06","fed",96536,"19730",FALSE,"Control Diet"
"154",71,FALSE,"Mixed",852002,"Sacrificed","2017-07-28","M","+/+",4094,101,16959,"A/J","Body Weight","2017-06-28","fed",96638,"26500",FALSE,"Control Diet"
"155",71,FALSE,"Mixed",852002,"Sacrificed","2017-07-28","M","+/+",4094,101,16959,"A/J","Total Fat Mass","2017-06-28","fed",96670,"4350",FALSE,"Control Diet"
"156",71,FALSE,"Mixed",852002,"Sacrificed","2017-07-28","M","+/+",4094,101,16959,"A/J","Lean Mass","2017-06-28","fed",96702,"20220",FALSE,"Control Diet"
"157",93,FALSE,"Mixed",852002,"Sacrificed","2017-07-28","M","+/+",4094,101,16959,"A/J","Body Weight","2017-07-20","fed",97100,"28700",FALSE,"Control Diet"
"158",93,FALSE,"Mixed",852002,"Sacrificed","2017-07-28","M","+/+",4094,101,16959,"A/J","Total Fat Mass","2017-07-20","fed",97130,"6520",FALSE,"Control Diet"
"159",93,FALSE,"Mixed",852002,"Sacrificed","2017-07-28","M","+/+",4094,101,16959,"A/J","Lean Mass","2017-07-20","fed",97160,"19880",FALSE,"Control Diet"
"160",97,FALSE,"Mixed",852002,"Sacrificed","2017-07-28","M","+/+",4094,101,16959,"A/J","Body Weight","2017-07-24","fed",97189,"28700",FALSE,"Control Diet"
"161",97,FALSE,"Mixed",852002,"Sacrificed","2017-07-28","M","+/+",4094,101,16959,"A/J","Total Fat Mass","2017-07-24","fed",97218,"6780",FALSE,"Control Diet"
"162",97,FALSE,"Mixed",852002,"Sacrificed","2017-07-28","M","+/+",4094,101,16959,"A/J","Lean Mass","2017-07-24","fed",97247,"20000",FALSE,"Control Diet"
"163",64,FALSE,"Mixed",852002,"Sacrificed","2017-07-28","M","+/+",4095,101,16960,"A/J","Body Weight","2017-06-21","fed",96243,"23600",FALSE,"Control Diet"
"164",64,FALSE,"Mixed",852002,"Sacrificed","2017-07-28","M","+/+",4095,101,16960,"A/J","Total Fat Mass","2017-06-21","fed",96275,"3290",FALSE,"Control Diet"
"165",64,FALSE,"Mixed",852002,"Sacrificed","2017-07-28","M","+/+",4095,101,16960,"A/J","Lean Mass","2017-06-21","fed",96307,"18860",FALSE,"Control Diet"
"166",86,FALSE,"Mixed",852002,"Sacrificed","2017-07-28","M","+/+",4095,101,16960,"A/J","Body Weight","2017-07-13","fed",96337,"24600",FALSE,"Control Diet"
"167",86,FALSE,"Mixed",852002,"Sacrificed","2017-07-28","M","+/+",4095,101,16960,"A/J","Total Fat Mass","2017-07-13","fed",96383,"3880",FALSE,"Control Diet"
"168",86,FALSE,"Mixed",852002,"Sacrificed","2017-07-28","M","+/+",4095,101,16960,"A/J","Lean Mass","2017-07-13","fed",96420,"18770",FALSE,"Control Diet"
"169",79,FALSE,"Mixed",852002,"Sacrificed","2017-07-28","M","+/+",4095,101,16960,"A/J","Body Weight","2017-07-06","fed",96469,"23700",FALSE,"Control Diet"
"170",79,FALSE,"Mixed",852002,"Sacrificed","2017-07-28","M","+/+",4095,101,16960,"A/J","Total Fat Mass","2017-07-06","fed",96503,"3480",FALSE,"Control Diet"
"171",79,FALSE,"Mixed",852002,"Sacrificed","2017-07-28","M","+/+",4095,101,16960,"A/J","Lean Mass","2017-07-06","fed",96537,"18270",FALSE,"Control Diet"
"172",71,FALSE,"Mixed",852002,"Sacrificed","2017-07-28","M","+/+",4095,101,16960,"A/J","Body Weight","2017-06-28","fed",96640,"23000",FALSE,"Control Diet"
"173",71,FALSE,"Mixed",852002,"Sacrificed","2017-07-28","M","+/+",4095,101,16960,"A/J","Total Fat Mass","2017-06-28","fed",96672,"2850",FALSE,"Control Diet"
"174",71,FALSE,"Mixed",852002,"Sacrificed","2017-07-28","M","+/+",4095,101,16960,"A/J","Lean Mass","2017-06-28","fed",96704,"18490",FALSE,"Control Diet"
"175",93,FALSE,"Mixed",852002,"Sacrificed","2017-07-28","M","+/+",4095,101,16960,"A/J","Body Weight","2017-07-20","fed",97101,"25400",FALSE,"Control Diet"
"176",93,FALSE,"Mixed",852002,"Sacrificed","2017-07-28","M","+/+",4095,101,16960,"A/J","Total Fat Mass","2017-07-20","fed",97131,"4370",FALSE,"Control Diet"
"177",93,FALSE,"Mixed",852002,"Sacrificed","2017-07-28","M","+/+",4095,101,16960,"A/J","Lean Mass","2017-07-20","fed",97161,"19170",FALSE,"Control Diet"
"178",97,FALSE,"Mixed",852002,"Sacrificed","2017-07-28","M","+/+",4095,101,16960,"A/J","Body Weight","2017-07-24","fed",97191,"26300",FALSE,"Control Diet"
"179",97,FALSE,"Mixed",852002,"Sacrificed","2017-07-28","M","+/+",4095,101,16960,"A/J","Total Fat Mass","2017-07-24","fed",97220,"5020",FALSE,"Control Diet"
"180",97,FALSE,"Mixed",852002,"Sacrificed","2017-07-28","M","+/+",4095,101,16960,"A/J","Lean Mass","2017-07-24","fed",97249,"19500",FALSE,"Control Diet"
"181",64,FALSE,"Mixed",852002,"Sacrificed","2017-07-28","M","+/+",4096,101,16961,"A/J","Body Weight","2017-06-21","fed",96242,"25300",FALSE,"Control Diet"
"182",64,FALSE,"Mixed",852002,"Sacrificed","2017-07-28","M","+/+",4096,101,16961,"A/J","Total Fat Mass","2017-06-21","fed",96274,"2860",FALSE,"Control Diet"
"183",64,FALSE,"Mixed",852002,"Sacrificed","2017-07-28","M","+/+",4096,101,16961,"A/J","Lean Mass","2017-06-21","fed",96306,"20600",FALSE,"Control Diet"
"184",86,FALSE,"Mixed",852002,"Sacrificed","2017-07-28","M","+/+",4096,101,16961,"A/J","Body Weight","2017-07-13","fed",96339,"27400",FALSE,"Control Diet"
"185",86,FALSE,"Mixed",852002,"Sacrificed","2017-07-28","M","+/+",4096,101,16961,"A/J","Total Fat Mass","2017-07-13","fed",96385,"4660",FALSE,"Control Diet"
"186",86,FALSE,"Mixed",852002,"Sacrificed","2017-07-28","M","+/+",4096,101,16961,"A/J","Lean Mass","2017-07-13","fed",96421,"20810",FALSE,"Control Diet"
"187",79,FALSE,"Mixed",852002,"Sacrificed","2017-07-28","M","+/+",4096,101,16961,"A/J","Body Weight","2017-07-06","fed",96471,"26400",FALSE,"Control Diet"
"188",79,FALSE,"Mixed",852002,"Sacrificed","2017-07-28","M","+/+",4096,101,16961,"A/J","Total Fat Mass","2017-07-06","fed",96504,"3770",FALSE,"Control Diet"
"189",79,FALSE,"Mixed",852002,"Sacrificed","2017-07-28","M","+/+",4096,101,16961,"A/J","Lean Mass","2017-07-06","fed",96538,"20480",FALSE,"Control Diet"
"190",71,FALSE,"Mixed",852002,"Sacrificed","2017-07-28","M","+/+",4096,101,16961,"A/J","Body Weight","2017-06-28","fed",96641,"23800",FALSE,"Control Diet"
"191",71,FALSE,"Mixed",852002,"Sacrificed","2017-07-28","M","+/+",4096,101,16961,"A/J","Total Fat Mass","2017-06-28","fed",96673,"2010",FALSE,"Control Diet"
"192",71,FALSE,"Mixed",852002,"Sacrificed","2017-07-28","M","+/+",4096,101,16961,"A/J","Lean Mass","2017-06-28","fed",96705,"20020",FALSE,"Control Diet"
"193",93,FALSE,"Mixed",852002,"Sacrificed","2017-07-28","M","+/+",4096,101,16961,"A/J","Body Weight","2017-07-20","fed",97102,"27800",FALSE,"Control Diet"
"194",93,FALSE,"Mixed",852002,"Sacrificed","2017-07-28","M","+/+",4096,101,16961,"A/J","Total Fat Mass","2017-07-20","fed",97132,"5050",FALSE,"Control Diet"
"195",93,FALSE,"Mixed",852002,"Sacrificed","2017-07-28","M","+/+",4096,101,16961,"A/J","Lean Mass","2017-07-20","fed",97162,"20790",FALSE,"Control Diet"
"196",97,FALSE,"Mixed",852002,"Sacrificed","2017-07-28","M","+/+",4096,101,16961,"A/J","Body Weight","2017-07-24","fed",97190,"28300",FALSE,"Control Diet"
"197",97,FALSE,"Mixed",852002,"Sacrificed","2017-07-28","M","+/+",4096,101,16961,"A/J","Total Fat Mass","2017-07-24","fed",97219,"5390",FALSE,"Control Diet"
"198",97,FALSE,"Mixed",852002,"Sacrificed","2017-07-28","M","+/+",4096,101,16961,"A/J","Lean Mass","2017-07-24","fed",97248,"21250",FALSE,"Control Diet"
"199",64,FALSE,"Mixed",852002,"Sacrificed","2017-07-28","M","+/+",4097,101,16963,"A/J","Body Weight","2017-06-21","fed",96240,"25500",FALSE,"Control Diet"
"200",64,FALSE,"Mixed",852002,"Sacrificed","2017-07-28","M","+/+",4097,101,16963,"A/J","Total Fat Mass","2017-06-21","fed",96272,"3270",FALSE,"Control Diet"
"201",64,FALSE,"Mixed",852002,"Sacrificed","2017-07-28","M","+/+",4097,101,16963,"A/J","Lean Mass","2017-06-21","fed",96304,"20410",FALSE,"Control Diet"
"202",86,FALSE,"Mixed",852002,"Sacrificed","2017-07-28","M","+/+",4097,101,16963,"A/J","Body Weight","2017-07-13","fed",96336,"25900",FALSE,"Control Diet"
"203",86,FALSE,"Mixed",852002,"Sacrificed","2017-07-28","M","+/+",4097,101,16963,"A/J","Total Fat Mass","2017-07-13","fed",96382,"3560",FALSE,"Control Diet"
"204",86,FALSE,"Mixed",852002,"Sacrificed","2017-07-28","M","+/+",4097,101,16963,"A/J","Lean Mass","2017-07-13","fed",96419,"20360",FALSE,"Control Diet"
"205",79,FALSE,"Mixed",852002,"Sacrificed","2017-07-28","M","+/+",4097,101,16963,"A/J","Body Weight","2017-07-06","fed",96466,"27600",FALSE,"Control Diet"
"206",79,FALSE,"Mixed",852002,"Sacrificed","2017-07-28","M","+/+",4097,101,16963,"A/J","Total Fat Mass","2017-07-06","fed",96501,"3840",FALSE,"Control Diet"
"207",79,FALSE,"Mixed",852002,"Sacrificed","2017-07-28","M","+/+",4097,101,16963,"A/J","Lean Mass","2017-07-06","fed",96535,"21500",FALSE,"Control Diet"
"208",71,FALSE,"Mixed",852002,"Sacrificed","2017-07-28","M","+/+",4097,101,16963,"A/J","Body Weight","2017-06-28","fed",96639,"25400",FALSE,"Control Diet"
"209",71,FALSE,"Mixed",852002,"Sacrificed","2017-07-28","M","+/+",4097,101,16963,"A/J","Total Fat Mass","2017-06-28","fed",96671,"2570",FALSE,"Control Diet"
"210",71,FALSE,"Mixed",852002,"Sacrificed","2017-07-28","M","+/+",4097,101,16963,"A/J","Lean Mass","2017-06-28","fed",96703,"21010",FALSE,"Control Diet"
"211",93,FALSE,"Mixed",852002,"Sacrificed","2017-07-28","M","+/+",4097,101,16963,"A/J","Body Weight","2017-07-20","fed",97099,"26600",FALSE,"Control Diet"
"212",93,FALSE,"Mixed",852002,"Sacrificed","2017-07-28","M","+/+",4097,101,16963,"A/J","Total Fat Mass","2017-07-20","fed",97129,"3840",FALSE,"Control Diet"
"213",93,FALSE,"Mixed",852002,"Sacrificed","2017-07-28","M","+/+",4097,101,16963,"A/J","Lean Mass","2017-07-20","fed",97159,"20490",FALSE,"Control Diet"
"214",97,FALSE,"Mixed",852002,"Sacrificed","2017-07-28","M","+/+",4097,101,16963,"A/J","Body Weight","2017-07-24","fed",97192,"27300",FALSE,"Control Diet"
"215",97,FALSE,"Mixed",852002,"Sacrificed","2017-07-28","M","+/+",4097,101,16963,"A/J","Total Fat Mass","2017-07-24","fed",97221,"4720",FALSE,"Control Diet"
"216",97,FALSE,"Mixed",852002,"Sacrificed","2017-07-28","M","+/+",4097,101,16963,"A/J","Lean Mass","2017-07-24","fed",97250,"20920",FALSE,"Control Diet"
"217",64,FALSE,"Mixed",852001,"Sacrificed","2017-07-28","M","+/+",4098,101,16964,"A/J","Body Weight","2017-06-21","fed",96245,"23300",TRUE,"Ketogenic Diet"
"218",64,FALSE,"Mixed",852001,"Sacrificed","2017-07-28","M","+/+",4098,101,16964,"A/J","Total Fat Mass","2017-06-21","fed",96277,"4260",TRUE,"Ketogenic Diet"
"219",64,FALSE,"Mixed",852001,"Sacrificed","2017-07-28","M","+/+",4098,101,16964,"A/J","Lean Mass","2017-06-21","fed",96309,"17570",TRUE,"Ketogenic Diet"
"220",86,FALSE,"Mixed",852001,"Sacrificed","2017-07-28","M","+/+",4098,101,16964,"A/J","Body Weight","2017-07-13","fed",96365,"21900",TRUE,"Ketogenic Diet"
"221",86,FALSE,"Mixed",852001,"Sacrificed","2017-07-28","M","+/+",4098,101,16964,"A/J","Total Fat Mass","2017-07-13","fed",96407,"2810",TRUE,"Ketogenic Diet"
"222",86,FALSE,"Mixed",852001,"Sacrificed","2017-07-28","M","+/+",4098,101,16964,"A/J","Lean Mass","2017-07-13","fed",96442,"17330",TRUE,"Ketogenic Diet"
"223",79,FALSE,"Mixed",852001,"Sacrificed","2017-07-28","M","+/+",4098,101,16964,"A/J","Body Weight","2017-07-06","fed",96485,"24300",TRUE,"Ketogenic Diet"
"224",79,FALSE,"Mixed",852001,"Sacrificed","2017-07-28","M","+/+",4098,101,16964,"A/J","Total Fat Mass","2017-07-06","fed",96517,"4740",TRUE,"Ketogenic Diet"
"225",79,FALSE,"Mixed",852001,"Sacrificed","2017-07-28","M","+/+",4098,101,16964,"A/J","Lean Mass","2017-07-06","fed",96551,"17530",TRUE,"Ketogenic Diet"
"226",71,FALSE,"Mixed",852001,"Sacrificed","2017-07-28","M","+/+",4098,101,16964,"A/J","Body Weight","2017-06-28","fed",96634,"24400",TRUE,"Ketogenic Diet"
"227",71,FALSE,"Mixed",852001,"Sacrificed","2017-07-28","M","+/+",4098,101,16964,"A/J","Total Fat Mass","2017-06-28","fed",96666,"4030",TRUE,"Ketogenic Diet"
"228",71,FALSE,"Mixed",852001,"Sacrificed","2017-07-28","M","+/+",4098,101,16964,"A/J","Lean Mass","2017-06-28","fed",96698,"18670",TRUE,"Ketogenic Diet"
"229",93,FALSE,"Mixed",852001,"Sacrificed","2017-07-28","M","+/+",4098,101,16964,"A/J","Body Weight","2017-07-20","fed",97119,"21600",TRUE,"Ketogenic Diet"
"230",93,FALSE,"Mixed",852001,"Sacrificed","2017-07-28","M","+/+",4098,101,16964,"A/J","Total Fat Mass","2017-07-20","fed",97149,"1610",TRUE,"Ketogenic Diet"
"231",93,FALSE,"Mixed",852001,"Sacrificed","2017-07-28","M","+/+",4098,101,16964,"A/J","Lean Mass","2017-07-20","fed",97179,"18250",TRUE,"Ketogenic Diet"
"232",97,FALSE,"Mixed",852001,"Sacrificed","2017-07-28","M","+/+",4098,101,16964,"A/J","Body Weight","2017-07-24","fed",97209,"22700",TRUE,"Ketogenic Diet"
"233",97,FALSE,"Mixed",852001,"Sacrificed","2017-07-28","M","+/+",4098,101,16964,"A/J","Total Fat Mass","2017-07-24","fed",97238,"1760",TRUE,"Ketogenic Diet"
"234",97,FALSE,"Mixed",852001,"Sacrificed","2017-07-28","M","+/+",4098,101,16964,"A/J","Lean Mass","2017-07-24","fed",97270,"19140",TRUE,"Ketogenic Diet"
"235",64,FALSE,"Mixed",852001,"Sacrificed","2017-07-28","M","+/+",4099,101,16965,"A/J","Body Weight","2017-06-21","fed",96246,"23800",TRUE,"Ketogenic Diet"
"236",64,FALSE,"Mixed",852001,"Sacrificed","2017-07-28","M","+/+",4099,101,16965,"A/J","Total Fat Mass","2017-06-21","fed",96278,"3110",TRUE,"Ketogenic Diet"
"237",64,FALSE,"Mixed",852001,"Sacrificed","2017-07-28","M","+/+",4099,101,16965,"A/J","Lean Mass","2017-06-21","fed",96310,"18990",TRUE,"Ketogenic Diet"
"238",86,FALSE,"Mixed",852001,"Sacrificed","2017-07-28","M","+/+",4099,101,16965,"A/J","Body Weight","2017-07-13","fed",96362,"16400",TRUE,"Ketogenic Diet"
"239",86,FALSE,"Mixed",852001,"Sacrificed","2017-07-28","M","+/+",4099,101,16965,"A/J","Total Fat Mass","2017-07-13","fed",96405,"250",TRUE,"Ketogenic Diet"
"240",86,FALSE,"Mixed",852001,"Sacrificed","2017-07-28","M","+/+",4099,101,16965,"A/J","Lean Mass","2017-07-13","fed",96440,"14550",TRUE,"Ketogenic Diet"
"241",79,FALSE,"Mixed",852001,"Sacrificed","2017-07-28","M","+/+",4099,101,16965,"A/J","Body Weight","2017-07-06","fed",96486,"23400",TRUE,"Ketogenic Diet"
"242",79,FALSE,"Mixed",852001,"Sacrificed","2017-07-28","M","+/+",4099,101,16965,"A/J","Total Fat Mass","2017-07-06","fed",96518,"3110",TRUE,"Ketogenic Diet"
"243",79,FALSE,"Mixed",852001,"Sacrificed","2017-07-28","M","+/+",4099,101,16965,"A/J","Lean Mass","2017-07-06","fed",96552,"18250",TRUE,"Ketogenic Diet"
"244",71,FALSE,"Mixed",852001,"Sacrificed","2017-07-28","M","+/+",4099,101,16965,"A/J","Body Weight","2017-06-28","fed",96635,"24700",TRUE,"Ketogenic Diet"
"245",71,FALSE,"Mixed",852001,"Sacrificed","2017-07-28","M","+/+",4099,101,16965,"A/J","Total Fat Mass","2017-06-28","fed",96667,"2610",TRUE,"Ketogenic Diet"
"246",71,FALSE,"Mixed",852001,"Sacrificed","2017-07-28","M","+/+",4099,101,16965,"A/J","Lean Mass","2017-06-28","fed",96699,"20100",TRUE,"Ketogenic Diet"
"247",64,FALSE,"Mixed",852001,"Sacrificed","2017-07-28","M","+/+",4100,101,16966,"A/J","Body Weight","2017-06-21","fed",96244,"23400",TRUE,"Ketogenic Diet"
"248",64,FALSE,"Mixed",852001,"Sacrificed","2017-07-28","M","+/+",4100,101,16966,"A/J","Total Fat Mass","2017-06-21","fed",96276,"2950",TRUE,"Ketogenic Diet"
"249",64,FALSE,"Mixed",852001,"Sacrificed","2017-07-28","M","+/+",4100,101,16966,"A/J","Lean Mass","2017-06-21","fed",96308,"18670",TRUE,"Ketogenic Diet"
"250",86,FALSE,"Mixed",852001,"Sacrificed","2017-07-28","M","+/+",4100,101,16966,"A/J","Body Weight","2017-07-13","fed",96364,"22600",TRUE,"Ketogenic Diet"
"251",86,FALSE,"Mixed",852001,"Sacrificed","2017-07-28","M","+/+",4100,101,16966,"A/J","Total Fat Mass","2017-07-13","fed",96406,"2630",TRUE,"Ketogenic Diet"
"252",86,FALSE,"Mixed",852001,"Sacrificed","2017-07-28","M","+/+",4100,101,16966,"A/J","Lean Mass","2017-07-13","fed",96441,"18260",TRUE,"Ketogenic Diet"
"253",79,FALSE,"Mixed",852001,"Sacrificed","2017-07-28","M","+/+",4100,101,16966,"A/J","Body Weight","2017-07-06","fed",96487,"24100",TRUE,"Ketogenic Diet"
"254",79,FALSE,"Mixed",852001,"Sacrificed","2017-07-28","M","+/+",4100,101,16966,"A/J","Total Fat Mass","2017-07-06","fed",96519,"3580",TRUE,"Ketogenic Diet"
"255",79,FALSE,"Mixed",852001,"Sacrificed","2017-07-28","M","+/+",4100,101,16966,"A/J","Lean Mass","2017-07-06","fed",96553,"18310",TRUE,"Ketogenic Diet"
"256",71,FALSE,"Mixed",852001,"Sacrificed","2017-07-28","M","+/+",4100,101,16966,"A/J","Body Weight","2017-06-28","fed",96636,"23700",TRUE,"Ketogenic Diet"
"257",71,FALSE,"Mixed",852001,"Sacrificed","2017-07-28","M","+/+",4100,101,16966,"A/J","Total Fat Mass","2017-06-28","fed",96668,"2530",TRUE,"Ketogenic Diet"
"258",71,FALSE,"Mixed",852001,"Sacrificed","2017-07-28","M","+/+",4100,101,16966,"A/J","Lean Mass","2017-06-28","fed",96700,"19130",TRUE,"Ketogenic Diet"
"259",93,FALSE,"Mixed",852001,"Sacrificed","2017-07-28","M","+/+",4100,101,16966,"A/J","Body Weight","2017-07-20","fed",97120,"23900",TRUE,"Ketogenic Diet"
"260",93,FALSE,"Mixed",852001,"Sacrificed","2017-07-28","M","+/+",4100,101,16966,"A/J","Total Fat Mass","2017-07-20","fed",97150,"3550",TRUE,"Ketogenic Diet"
"261",93,FALSE,"Mixed",852001,"Sacrificed","2017-07-28","M","+/+",4100,101,16966,"A/J","Lean Mass","2017-07-20","fed",97180,"18720",TRUE,"Ketogenic Diet"
"262",97,FALSE,"Mixed",852001,"Sacrificed","2017-07-28","M","+/+",4100,101,16966,"A/J","Body Weight","2017-07-24","fed",97208,"25000",TRUE,"Ketogenic Diet"
"263",97,FALSE,"Mixed",852001,"Sacrificed","2017-07-28","M","+/+",4100,101,16966,"A/J","Total Fat Mass","2017-07-24","fed",97237,"3540",TRUE,"Ketogenic Diet"
"264",97,FALSE,"Mixed",852001,"Sacrificed","2017-07-28","M","+/+",4100,101,16966,"A/J","Lean Mass","2017-07-24","fed",97269,"19730",TRUE,"Ketogenic Diet"
"265",64,FALSE,"Mixed",852001,"Sacrificed","2017-07-28","M","+/+",4101,101,16967,"A/J","Body Weight","2017-06-21","fed",96247,"20700",TRUE,"Ketogenic Diet"
"266",64,FALSE,"Mixed",852001,"Sacrificed","2017-07-28","M","+/+",4101,101,16967,"A/J","Total Fat Mass","2017-06-21","fed",96279,"2910",TRUE,"Ketogenic Diet"
"267",64,FALSE,"Mixed",852001,"Sacrificed","2017-07-28","M","+/+",4101,101,16967,"A/J","Lean Mass","2017-06-21","fed",96311,"16450",TRUE,"Ketogenic Diet"
"268",86,FALSE,"Mixed",852001,"Sacrificed","2017-07-28","M","+/+",4101,101,16967,"A/J","Body Weight","2017-07-13","fed",96367,"21300",TRUE,"Ketogenic Diet"
"269",86,FALSE,"Mixed",852001,"Sacrificed","2017-07-28","M","+/+",4101,101,16967,"A/J","Total Fat Mass","2017-07-13","fed",96408,"4090",TRUE,"Ketogenic Diet"
"270",86,FALSE,"Mixed",852001,"Sacrificed","2017-07-28","M","+/+",4101,101,16967,"A/J","Lean Mass","2017-07-13","fed",96443,"15660",TRUE,"Ketogenic Diet"
"271",79,FALSE,"Mixed",852001,"Sacrificed","2017-07-28","M","+/+",4101,101,16967,"A/J","Body Weight","2017-07-06","fed",96488,"21300",TRUE,"Ketogenic Diet"
"272",79,FALSE,"Mixed",852001,"Sacrificed","2017-07-28","M","+/+",4101,101,16967,"A/J","Total Fat Mass","2017-07-06","fed",96520,"3250",TRUE,"Ketogenic Diet"
"273",79,FALSE,"Mixed",852001,"Sacrificed","2017-07-28","M","+/+",4101,101,16967,"A/J","Lean Mass","2017-07-06","fed",96554,"16280",TRUE,"Ketogenic Diet"
"274",71,FALSE,"Mixed",852001,"Sacrificed","2017-07-28","M","+/+",4101,101,16967,"A/J","Body Weight","2017-06-28","fed",96637,"22500",TRUE,"Ketogenic Diet"
"275",71,FALSE,"Mixed",852001,"Sacrificed","2017-07-28","M","+/+",4101,101,16967,"A/J","Total Fat Mass","2017-06-28","fed",96669,"2430",TRUE,"Ketogenic Diet"
"276",71,FALSE,"Mixed",852001,"Sacrificed","2017-07-28","M","+/+",4101,101,16967,"A/J","Lean Mass","2017-06-28","fed",96701,"18040",TRUE,"Ketogenic Diet"
"277",64,FALSE,"Mixed",852214,"Sacrificed","2017-07-28","F","+/+",4102,101,16968,"A/J","Body Weight","2017-06-21","fed",96251,"21700",TRUE,"Ketogenic Diet"
"278",64,FALSE,"Mixed",852214,"Sacrificed","2017-07-28","F","+/+",4102,101,16968,"A/J","Total Fat Mass","2017-06-21","fed",96283,"4400",TRUE,"Ketogenic Diet"
"279",64,FALSE,"Mixed",852214,"Sacrificed","2017-07-28","F","+/+",4102,101,16968,"A/J","Lean Mass","2017-06-21","fed",96315,"15460",TRUE,"Ketogenic Diet"
"280",86,FALSE,"Mixed",852214,"Sacrificed","2017-07-28","F","+/+",4102,101,16968,"A/J","Body Weight","2017-07-13","fed",96372,"19200",TRUE,"Ketogenic Diet"
"281",86,FALSE,"Mixed",852214,"Sacrificed","2017-07-28","F","+/+",4102,101,16968,"A/J","Total Fat Mass","2017-07-13","fed",96413,"2840",TRUE,"Ketogenic Diet"
"282",86,FALSE,"Mixed",852214,"Sacrificed","2017-07-28","F","+/+",4102,101,16968,"A/J","Lean Mass","2017-07-13","fed",96446,"14470",TRUE,"Ketogenic Diet"
"283",79,FALSE,"Mixed",852214,"Sacrificed","2017-07-28","F","+/+",4102,101,16968,"A/J","Body Weight","2017-07-06","fed",96490,"19500",TRUE,"Ketogenic Diet"
"284",79,FALSE,"Mixed",852214,"Sacrificed","2017-07-28","F","+/+",4102,101,16968,"A/J","Total Fat Mass","2017-07-06","fed",96522,"3330",TRUE,"Ketogenic Diet"
"285",79,FALSE,"Mixed",852214,"Sacrificed","2017-07-28","F","+/+",4102,101,16968,"A/J","Lean Mass","2017-07-06","fed",96557,"14480",TRUE,"Ketogenic Diet"
"286",71,FALSE,"Mixed",852214,"Sacrificed","2017-07-28","F","+/+",4102,101,16968,"A/J","Body Weight","2017-06-28","fed",96652,"20300",TRUE,"Ketogenic Diet"
"287",71,FALSE,"Mixed",852214,"Sacrificed","2017-07-28","F","+/+",4102,101,16968,"A/J","Total Fat Mass","2017-06-28","fed",96684,"3180",TRUE,"Ketogenic Diet"
"288",71,FALSE,"Mixed",852214,"Sacrificed","2017-07-28","F","+/+",4102,101,16968,"A/J","Lean Mass","2017-06-28","fed",96716,"15380",TRUE,"Ketogenic Diet"
"289",93,FALSE,"Mixed",852214,"Sacrificed","2017-07-28","F","+/+",4102,101,16968,"A/J","Body Weight","2017-07-20","fed",97122,"20800",TRUE,"Ketogenic Diet"
"290",93,FALSE,"Mixed",852214,"Sacrificed","2017-07-28","F","+/+",4102,101,16968,"A/J","Total Fat Mass","2017-07-20","fed",97152,"3960",TRUE,"Ketogenic Diet"
"291",93,FALSE,"Mixed",852214,"Sacrificed","2017-07-28","F","+/+",4102,101,16968,"A/J","Lean Mass","2017-07-20","fed",97182,"15160",TRUE,"Ketogenic Diet"
"292",97,FALSE,"Mixed",852214,"Sacrificed","2017-07-28","F","+/+",4102,101,16968,"A/J","Body Weight","2017-07-24","fed",97212,"20700",TRUE,"Ketogenic Diet"
"293",97,FALSE,"Mixed",852214,"Sacrificed","2017-07-28","F","+/+",4102,101,16968,"A/J","Total Fat Mass","2017-07-24","fed",97241,"4130",TRUE,"Ketogenic Diet"
"294",97,FALSE,"Mixed",852214,"Sacrificed","2017-07-28","F","+/+",4102,101,16968,"A/J","Lean Mass","2017-07-24","fed",97273,"15030",TRUE,"Ketogenic Diet"
"295",64,FALSE,"Mixed",852214,"Sacrificed","2017-07-28","F","+/+",4103,101,16969,"A/J","Body Weight","2017-06-21","fed",96249,"20400",TRUE,"Ketogenic Diet"
"296",64,FALSE,"Mixed",852214,"Sacrificed","2017-07-28","F","+/+",4103,101,16969,"A/J","Total Fat Mass","2017-06-21","fed",96281,"3020",TRUE,"Ketogenic Diet"
"297",64,FALSE,"Mixed",852214,"Sacrificed","2017-07-28","F","+/+",4103,101,16969,"A/J","Lean Mass","2017-06-21","fed",96313,"15560",TRUE,"Ketogenic Diet"
"298",86,FALSE,"Mixed",852214,"Sacrificed","2017-07-28","F","+/+",4103,101,16969,"A/J","Body Weight","2017-07-13","fed",96369,"18900",TRUE,"Ketogenic Diet"
"299",86,FALSE,"Mixed",852214,"Sacrificed","2017-07-28","F","+/+",4103,101,16969,"A/J","Total Fat Mass","2017-07-13","fed",96411,"2120",TRUE,"Ketogenic Diet"
"300",86,FALSE,"Mixed",852214,"Sacrificed","2017-07-28","F","+/+",4103,101,16969,"A/J","Lean Mass","2017-07-13","fed",96444,"15240",TRUE,"Ketogenic Diet"
"301",79,FALSE,"Mixed",852214,"Sacrificed","2017-07-28","F","+/+",4103,101,16969,"A/J","Body Weight","2017-07-06","fed",96492,"19200",TRUE,"Ketogenic Diet"
"302",79,FALSE,"Mixed",852214,"Sacrificed","2017-07-28","F","+/+",4103,101,16969,"A/J","Total Fat Mass","2017-07-06","fed",96525,"2390",TRUE,"Ketogenic Diet"
"303",79,FALSE,"Mixed",852214,"Sacrificed","2017-07-28","F","+/+",4103,101,16969,"A/J","Lean Mass","2017-07-06","fed",96560,"15080",TRUE,"Ketogenic Diet"
"304",71,FALSE,"Mixed",852214,"Sacrificed","2017-07-28","F","+/+",4103,101,16969,"A/J","Body Weight","2017-06-28","fed",96650,"20300",TRUE,"Ketogenic Diet"
"305",71,FALSE,"Mixed",852214,"Sacrificed","2017-07-28","F","+/+",4103,101,16969,"A/J","Total Fat Mass","2017-06-28","fed",96682,"2230",TRUE,"Ketogenic Diet"
"306",71,FALSE,"Mixed",852214,"Sacrificed","2017-07-28","F","+/+",4103,101,16969,"A/J","Lean Mass","2017-06-28","fed",96714,"16140",TRUE,"Ketogenic Diet"
"307",93,FALSE,"Mixed",852214,"Sacrificed","2017-07-28","F","+/+",4103,101,16969,"A/J","Body Weight","2017-07-20","fed",97124,"21500",TRUE,"Ketogenic Diet"
"308",93,FALSE,"Mixed",852214,"Sacrificed","2017-07-28","F","+/+",4103,101,16969,"A/J","Total Fat Mass","2017-07-20","fed",97154,"2990",TRUE,"Ketogenic Diet"
"309",93,FALSE,"Mixed",852214,"Sacrificed","2017-07-28","F","+/+",4103,101,16969,"A/J","Lean Mass","2017-07-20","fed",97184,"16850",TRUE,"Ketogenic Diet"
"310",97,FALSE,"Mixed",852214,"Sacrificed","2017-07-28","F","+/+",4103,101,16969,"A/J","Body Weight","2017-07-24","fed",97213,"21500",TRUE,"Ketogenic Diet"
"311",97,FALSE,"Mixed",852214,"Sacrificed","2017-07-28","F","+/+",4103,101,16969,"A/J","Total Fat Mass","2017-07-24","fed",97242,"2970",TRUE,"Ketogenic Diet"
"312",97,FALSE,"Mixed",852214,"Sacrificed","2017-07-28","F","+/+",4103,101,16969,"A/J","Lean Mass","2017-07-24","fed",97274,"17130",TRUE,"Ketogenic Diet"
"313",64,FALSE,"Mixed",852214,"Sacrificed","2017-07-28","F","+/+",4104,101,16970,"A/J","Body Weight","2017-06-21","fed",96250,"21800",TRUE,"Ketogenic Diet"
"314",64,FALSE,"Mixed",852214,"Sacrificed","2017-07-28","F","+/+",4104,101,16970,"A/J","Total Fat Mass","2017-06-21","fed",96282,"3030",TRUE,"Ketogenic Diet"
"315",64,FALSE,"Mixed",852214,"Sacrificed","2017-07-28","F","+/+",4104,101,16970,"A/J","Lean Mass","2017-06-21","fed",96314,"17170",TRUE,"Ketogenic Diet"
"316",86,FALSE,"Mixed",852214,"Sacrificed","2017-07-28","F","+/+",4104,101,16970,"A/J","Body Weight","2017-07-13","fed",96370,"20700",TRUE,"Ketogenic Diet"
"317",86,FALSE,"Mixed",852214,"Sacrificed","2017-07-28","F","+/+",4104,101,16970,"A/J","Total Fat Mass","2017-07-13","fed",96412,"2520",TRUE,"Ketogenic Diet"
"318",86,FALSE,"Mixed",852214,"Sacrificed","2017-07-28","F","+/+",4104,101,16970,"A/J","Lean Mass","2017-07-13","fed",96445,"16170",TRUE,"Ketogenic Diet"
"319",79,FALSE,"Mixed",852214,"Sacrificed","2017-07-28","F","+/+",4104,101,16970,"A/J","Body Weight","2017-07-06","fed",96491,"20000",TRUE,"Ketogenic Diet"
"320",79,FALSE,"Mixed",852214,"Sacrificed","2017-07-28","F","+/+",4104,101,16970,"A/J","Total Fat Mass","2017-07-06","fed",96523,"2340",TRUE,"Ketogenic Diet"
"321",79,FALSE,"Mixed",852214,"Sacrificed","2017-07-28","F","+/+",4104,101,16970,"A/J","Lean Mass","2017-07-06","fed",96559,"15780",TRUE,"Ketogenic Diet"
"322",71,FALSE,"Mixed",852214,"Sacrificed","2017-07-28","F","+/+",4104,101,16970,"A/J","Body Weight","2017-06-28","fed",96653,"20600",TRUE,"Ketogenic Diet"
"323",71,FALSE,"Mixed",852214,"Sacrificed","2017-07-28","F","+/+",4104,101,16970,"A/J","Total Fat Mass","2017-06-28","fed",96685,"2100",TRUE,"Ketogenic Diet"
"324",71,FALSE,"Mixed",852214,"Sacrificed","2017-07-28","F","+/+",4104,101,16970,"A/J","Lean Mass","2017-06-28","fed",96717,"16700",TRUE,"Ketogenic Diet"
"325",93,FALSE,"Mixed",852214,"Sacrificed","2017-07-28","F","+/+",4104,101,16970,"A/J","Body Weight","2017-07-20","fed",97123,"21200",TRUE,"Ketogenic Diet"
"326",93,FALSE,"Mixed",852214,"Sacrificed","2017-07-28","F","+/+",4104,101,16970,"A/J","Total Fat Mass","2017-07-20","fed",97153,"2940",TRUE,"Ketogenic Diet"
"327",93,FALSE,"Mixed",852214,"Sacrificed","2017-07-28","F","+/+",4104,101,16970,"A/J","Lean Mass","2017-07-20","fed",97183,"16420",TRUE,"Ketogenic Diet"
"328",97,FALSE,"Mixed",852214,"Sacrificed","2017-07-28","F","+/+",4104,101,16970,"A/J","Body Weight","2017-07-24","fed",97210,"20900",TRUE,"Ketogenic Diet"
"329",97,FALSE,"Mixed",852214,"Sacrificed","2017-07-28","F","+/+",4104,101,16970,"A/J","Total Fat Mass","2017-07-24","fed",97239,"3010",TRUE,"Ketogenic Diet"
"330",97,FALSE,"Mixed",852214,"Sacrificed","2017-07-28","F","+/+",4104,101,16970,"A/J","Lean Mass","2017-07-24","fed",97271,"15950",TRUE,"Ketogenic Diet"
"331",64,FALSE,"Mixed",852214,"Sacrificed","2017-07-28","F","+/+",4105,101,16971,"A/J","Body Weight","2017-06-21","fed",96248,"21700",TRUE,"Ketogenic Diet"
"332",64,FALSE,"Mixed",852214,"Sacrificed","2017-07-28","F","+/+",4105,101,16971,"A/J","Total Fat Mass","2017-06-21","fed",96280,"3900",TRUE,"Ketogenic Diet"
"333",64,FALSE,"Mixed",852214,"Sacrificed","2017-07-28","F","+/+",4105,101,16971,"A/J","Lean Mass","2017-06-21","fed",96312,"16170",TRUE,"Ketogenic Diet"
"334",86,FALSE,"Mixed",852214,"Sacrificed","2017-07-28","F","+/+",4105,101,16971,"A/J","Body Weight","2017-07-13","fed",96373,"18500",TRUE,"Ketogenic Diet"
"335",86,FALSE,"Mixed",852214,"Sacrificed","2017-07-28","F","+/+",4105,101,16971,"A/J","Total Fat Mass","2017-07-13","fed",96414,"2220",TRUE,"Ketogenic Diet"
"336",86,FALSE,"Mixed",852214,"Sacrificed","2017-07-28","F","+/+",4105,101,16971,"A/J","Lean Mass","2017-07-13","fed",96447,"14510",TRUE,"Ketogenic Diet"
"337",79,FALSE,"Mixed",852214,"Sacrificed","2017-07-28","F","+/+",4105,101,16971,"A/J","Body Weight","2017-07-06","fed",96489,"18500",TRUE,"Ketogenic Diet"
"338",79,FALSE,"Mixed",852214,"Sacrificed","2017-07-28","F","+/+",4105,101,16971,"A/J","Total Fat Mass","2017-07-06","fed",96521,"2490",TRUE,"Ketogenic Diet"
"339",79,FALSE,"Mixed",852214,"Sacrificed","2017-07-28","F","+/+",4105,101,16971,"A/J","Lean Mass","2017-07-06","fed",96555,"14210",TRUE,"Ketogenic Diet"
"340",71,FALSE,"Mixed",852214,"Sacrificed","2017-07-28","F","+/+",4105,101,16971,"A/J","Body Weight","2017-06-28","fed",96651,"20600",TRUE,"Ketogenic Diet"
"341",71,FALSE,"Mixed",852214,"Sacrificed","2017-07-28","F","+/+",4105,101,16971,"A/J","Total Fat Mass","2017-06-28","fed",96683,"2830",TRUE,"Ketogenic Diet"
"342",71,FALSE,"Mixed",852214,"Sacrificed","2017-07-28","F","+/+",4105,101,16971,"A/J","Lean Mass","2017-06-28","fed",96715,"16980",TRUE,"Ketogenic Diet"
"343",93,FALSE,"Mixed",852214,"Sacrificed","2017-07-28","F","+/+",4105,101,16971,"A/J","Body Weight","2017-07-20","fed",97121,"19400",TRUE,"Ketogenic Diet"
"344",93,FALSE,"Mixed",852214,"Sacrificed","2017-07-28","F","+/+",4105,101,16971,"A/J","Total Fat Mass","2017-07-20","fed",97151,"2400",TRUE,"Ketogenic Diet"
"345",93,FALSE,"Mixed",852214,"Sacrificed","2017-07-28","F","+/+",4105,101,16971,"A/J","Lean Mass","2017-07-20","fed",97181,"15270",TRUE,"Ketogenic Diet"
"346",97,FALSE,"Mixed",852214,"Sacrificed","2017-07-28","F","+/+",4105,101,16971,"A/J","Body Weight","2017-07-24","fed",97211,"19900",TRUE,"Ketogenic Diet"
"347",97,FALSE,"Mixed",852214,"Sacrificed","2017-07-28","F","+/+",4105,101,16971,"A/J","Total Fat Mass","2017-07-24","fed",97240,"2870",TRUE,"Ketogenic Diet"
"348",97,FALSE,"Mixed",852214,"Sacrificed","2017-07-28","F","+/+",4105,101,16971,"A/J","Lean Mass","2017-07-24","fed",97272,"15390",TRUE,"Ketogenic Diet"
"349",64,FALSE,"Mixed",852212,"Sacrificed","2017-07-28","F","+/+",4106,101,16972,"A/J","Body Weight","2017-06-21","fed",96252,"21100",FALSE,"Control Diet"
"350",64,FALSE,"Mixed",852212,"Sacrificed","2017-07-28","F","+/+",4106,101,16972,"A/J","Total Fat Mass","2017-06-21","fed",96284,"3580",FALSE,"Control Diet"
"351",64,FALSE,"Mixed",852212,"Sacrificed","2017-07-28","F","+/+",4106,101,16972,"A/J","Lean Mass","2017-06-21","fed",96316,"14610",FALSE,"Control Diet"
"352",86,FALSE,"Mixed",852212,"Sacrificed","2017-07-28","F","+/+",4106,101,16972,"A/J","Body Weight","2017-07-13","fed",96346,"21400",FALSE,"Control Diet"
"353",86,FALSE,"Mixed",852212,"Sacrificed","2017-07-28","F","+/+",4106,101,16972,"A/J","Total Fat Mass","2017-07-13","fed",96392,"3960",FALSE,"Control Diet"
"354",86,FALSE,"Mixed",852212,"Sacrificed","2017-07-28","F","+/+",4106,101,16972,"A/J","Lean Mass","2017-07-13","fed",96427,"15740",FALSE,"Control Diet"
"355",79,FALSE,"Mixed",852212,"Sacrificed","2017-07-28","F","+/+",4106,101,16972,"A/J","Body Weight","2017-07-06","fed",96472,"21300",FALSE,"Control Diet"
"356",79,FALSE,"Mixed",852212,"Sacrificed","2017-07-28","F","+/+",4106,101,16972,"A/J","Total Fat Mass","2017-07-06","fed",96505,"3760",FALSE,"Control Diet"
"357",79,FALSE,"Mixed",852212,"Sacrificed","2017-07-28","F","+/+",4106,101,16972,"A/J","Lean Mass","2017-07-06","fed",96539,"15640",FALSE,"Control Diet"
"358",71,FALSE,"Mixed",852212,"Sacrificed","2017-07-28","F","+/+",4106,101,16972,"A/J","Body Weight","2017-06-28","fed",96654,"19700",FALSE,"Control Diet"
"359",71,FALSE,"Mixed",852212,"Sacrificed","2017-07-28","F","+/+",4106,101,16972,"A/J","Total Fat Mass","2017-06-28","fed",96686,"3000",FALSE,"Control Diet"
"360",71,FALSE,"Mixed",852212,"Sacrificed","2017-07-28","F","+/+",4106,101,16972,"A/J","Lean Mass","2017-06-28","fed",96718,"15220",FALSE,"Control Diet"
"361",93,FALSE,"Mixed",852212,"Sacrificed","2017-07-28","F","+/+",4106,101,16972,"A/J","Body Weight","2017-07-20","fed",97109,"22900",FALSE,"Control Diet"
"362",93,FALSE,"Mixed",852212,"Sacrificed","2017-07-28","F","+/+",4106,101,16972,"A/J","Total Fat Mass","2017-07-20","fed",97139,"5110",FALSE,"Control Diet"
"363",93,FALSE,"Mixed",852212,"Sacrificed","2017-07-28","F","+/+",4106,101,16972,"A/J","Lean Mass","2017-07-20","fed",97169,"15990",FALSE,"Control Diet"
"364",97,FALSE,"Mixed",852212,"Sacrificed","2017-07-28","F","+/+",4106,101,16972,"A/J","Body Weight","2017-07-24","fed",97198,"23400",FALSE,"Control Diet"
"365",97,FALSE,"Mixed",852212,"Sacrificed","2017-07-28","F","+/+",4106,101,16972,"A/J","Total Fat Mass","2017-07-24","fed",97227,"5500",FALSE,"Control Diet"
"366",97,FALSE,"Mixed",852212,"Sacrificed","2017-07-28","F","+/+",4106,101,16972,"A/J","Lean Mass","2017-07-24","fed",97256,"16300",FALSE,"Control Diet"
"367",64,FALSE,"Mixed",852212,"Sacrificed","2017-07-28","F","+/+",4107,101,16973,"A/J","Body Weight","2017-06-21","fed",96255,"20900",FALSE,"Control Diet"
"368",64,FALSE,"Mixed",852212,"Sacrificed","2017-07-28","F","+/+",4107,101,16973,"A/J","Total Fat Mass","2017-06-21","fed",96287,"3930",FALSE,"Control Diet"
"369",64,FALSE,"Mixed",852212,"Sacrificed","2017-07-28","F","+/+",4107,101,16973,"A/J","Lean Mass","2017-06-21","fed",96319,"15370",FALSE,"Control Diet"
"370",86,FALSE,"Mixed",852212,"Sacrificed","2017-07-28","F","+/+",4107,101,16973,"A/J","Body Weight","2017-07-13","fed",96350,"22000",FALSE,"Control Diet"
"371",86,FALSE,"Mixed",852212,"Sacrificed","2017-07-28","F","+/+",4107,101,16973,"A/J","Total Fat Mass","2017-07-13","fed",96395,"3610",FALSE,"Control Diet"
"372",86,FALSE,"Mixed",852212,"Sacrificed","2017-07-28","F","+/+",4107,101,16973,"A/J","Lean Mass","2017-07-13","fed",96430,"16420",FALSE,"Control Diet"
"373",79,FALSE,"Mixed",852212,"Sacrificed","2017-07-28","F","+/+",4107,101,16973,"A/J","Body Weight","2017-07-06","fed",96476,"20400",FALSE,"Control Diet"
"374",79,FALSE,"Mixed",852212,"Sacrificed","2017-07-28","F","+/+",4107,101,16973,"A/J","Total Fat Mass","2017-07-06","fed",96508,"3080",FALSE,"Control Diet"
"375",79,FALSE,"Mixed",852212,"Sacrificed","2017-07-28","F","+/+",4107,101,16973,"A/J","Lean Mass","2017-07-06","fed",96542,"15500",FALSE,"Control Diet"
"376",71,FALSE,"Mixed",852212,"Sacrificed","2017-07-28","F","+/+",4107,101,16973,"A/J","Body Weight","2017-06-28","fed",96656,"19800",FALSE,"Control Diet"
"377",71,FALSE,"Mixed",852212,"Sacrificed","2017-07-28","F","+/+",4107,101,16973,"A/J","Total Fat Mass","2017-06-28","fed",96688,"2990",FALSE,"Control Diet"
"378",71,FALSE,"Mixed",852212,"Sacrificed","2017-07-28","F","+/+",4107,101,16973,"A/J","Lean Mass","2017-06-28","fed",96720,"15100",FALSE,"Control Diet"
"379",93,FALSE,"Mixed",852212,"Sacrificed","2017-07-28","F","+/+",4107,101,16973,"A/J","Body Weight","2017-07-20","fed",97110,"21600",FALSE,"Control Diet"
"380",93,FALSE,"Mixed",852212,"Sacrificed","2017-07-28","F","+/+",4107,101,16973,"A/J","Total Fat Mass","2017-07-20","fed",97140,"3640",FALSE,"Control Diet"
"381",93,FALSE,"Mixed",852212,"Sacrificed","2017-07-28","F","+/+",4107,101,16973,"A/J","Lean Mass","2017-07-20","fed",97170,"16160",FALSE,"Control Diet"
"382",97,FALSE,"Mixed",852212,"Sacrificed","2017-07-28","F","+/+",4107,101,16973,"A/J","Body Weight","2017-07-24","fed",97200,"21700",FALSE,"Control Diet"
"383",97,FALSE,"Mixed",852212,"Sacrificed","2017-07-28","F","+/+",4107,101,16973,"A/J","Total Fat Mass","2017-07-24","fed",97229,"3620",FALSE,"Control Diet"
"384",97,FALSE,"Mixed",852212,"Sacrificed","2017-07-28","F","+/+",4107,101,16973,"A/J","Lean Mass","2017-07-24","fed",97258,"16180",FALSE,"Control Diet"
"385",64,FALSE,"Mixed",852212,"Sacrificed","2017-07-28","F","+/+",4108,101,16974,"A/J","Body Weight","2017-06-21","fed",96254,"19800",FALSE,"Control Diet"
"386",64,FALSE,"Mixed",852212,"Sacrificed","2017-07-28","F","+/+",4108,101,16974,"A/J","Total Fat Mass","2017-06-21","fed",96286,"3040",FALSE,"Control Diet"
"387",64,FALSE,"Mixed",852212,"Sacrificed","2017-07-28","F","+/+",4108,101,16974,"A/J","Lean Mass","2017-06-21","fed",96318,"15170",FALSE,"Control Diet"
"388",86,FALSE,"Mixed",852212,"Sacrificed","2017-07-28","F","+/+",4108,101,16974,"A/J","Body Weight","2017-07-13","fed",96347,"20600",FALSE,"Control Diet"
"389",86,FALSE,"Mixed",852212,"Sacrificed","2017-07-28","F","+/+",4108,101,16974,"A/J","Total Fat Mass","2017-07-13","fed",96393,"2470",FALSE,"Control Diet"
"390",86,FALSE,"Mixed",852212,"Sacrificed","2017-07-28","F","+/+",4108,101,16974,"A/J","Lean Mass","2017-07-13","fed",96428,"16470",FALSE,"Control Diet"
"391",79,FALSE,"Mixed",852212,"Sacrificed","2017-07-28","F","+/+",4108,101,16974,"A/J","Body Weight","2017-07-06","fed",96474,"20300",FALSE,"Control Diet"
"392",79,FALSE,"Mixed",852212,"Sacrificed","2017-07-28","F","+/+",4108,101,16974,"A/J","Total Fat Mass","2017-07-06","fed",96507,"2640",FALSE,"Control Diet"
"393",79,FALSE,"Mixed",852212,"Sacrificed","2017-07-28","F","+/+",4108,101,16974,"A/J","Lean Mass","2017-07-06","fed",96541,"15730",FALSE,"Control Diet"
"394",71,FALSE,"Mixed",852212,"Sacrificed","2017-07-28","F","+/+",4108,101,16974,"A/J","Body Weight","2017-06-28","fed",96657,"19000",FALSE,"Control Diet"
"395",71,FALSE,"Mixed",852212,"Sacrificed","2017-07-28","F","+/+",4108,101,16974,"A/J","Total Fat Mass","2017-06-28","fed",96689,"2580",FALSE,"Control Diet"
"396",71,FALSE,"Mixed",852212,"Sacrificed","2017-07-28","F","+/+",4108,101,16974,"A/J","Lean Mass","2017-06-28","fed",96721,"14920",FALSE,"Control Diet"
"397",93,FALSE,"Mixed",852212,"Sacrificed","2017-07-28","F","+/+",4108,101,16974,"A/J","Body Weight","2017-07-20","fed",97107,"20000",FALSE,"Control Diet"
"398",93,FALSE,"Mixed",852212,"Sacrificed","2017-07-28","F","+/+",4108,101,16974,"A/J","Total Fat Mass","2017-07-20","fed",97137,"2640",FALSE,"Control Diet"
"399",93,FALSE,"Mixed",852212,"Sacrificed","2017-07-28","F","+/+",4108,101,16974,"A/J","Lean Mass","2017-07-20","fed",97167,"15630",FALSE,"Control Diet"
"400",97,FALSE,"Mixed",852212,"Sacrificed","2017-07-28","F","+/+",4108,101,16974,"A/J","Body Weight","2017-07-24","fed",97197,"20200",FALSE,"Control Diet"
"401",97,FALSE,"Mixed",852212,"Sacrificed","2017-07-28","F","+/+",4108,101,16974,"A/J","Total Fat Mass","2017-07-24","fed",97226,"2950",FALSE,"Control Diet"
"402",97,FALSE,"Mixed",852212,"Sacrificed","2017-07-28","F","+/+",4108,101,16974,"A/J","Lean Mass","2017-07-24","fed",97255,"15740",FALSE,"Control Diet"
"403",64,FALSE,"Mixed",852212,"Sacrificed","2017-07-28","F","+/+",4109,101,16976,"A/J","Body Weight","2017-06-21","fed",96253,"19600",FALSE,"Control Diet"
"404",64,FALSE,"Mixed",852212,"Sacrificed","2017-07-28","F","+/+",4109,101,16976,"A/J","Total Fat Mass","2017-06-21","fed",96285,"3410",FALSE,"Control Diet"
"405",64,FALSE,"Mixed",852212,"Sacrificed","2017-07-28","F","+/+",4109,101,16976,"A/J","Lean Mass","2017-06-21","fed",96317,"14610",FALSE,"Control Diet"
"406",86,FALSE,"Mixed",852212,"Sacrificed","2017-07-28","F","+/+",4109,101,16976,"A/J","Body Weight","2017-07-13","fed",96349,"19800",FALSE,"Control Diet"
"407",86,FALSE,"Mixed",852212,"Sacrificed","2017-07-28","F","+/+",4109,101,16976,"A/J","Total Fat Mass","2017-07-13","fed",96394,"2880",FALSE,"Control Diet"
"408",86,FALSE,"Mixed",852212,"Sacrificed","2017-07-28","F","+/+",4109,101,16976,"A/J","Lean Mass","2017-07-13","fed",96429,"15230",FALSE,"Control Diet"
"409",79,FALSE,"Mixed",852212,"Sacrificed","2017-07-28","F","+/+",4109,101,16976,"A/J","Body Weight","2017-07-06","fed",96473,"19100",FALSE,"Control Diet"
"410",79,FALSE,"Mixed",852212,"Sacrificed","2017-07-28","F","+/+",4109,101,16976,"A/J","Total Fat Mass","2017-07-06","fed",96506,"2720",FALSE,"Control Diet"
"411",79,FALSE,"Mixed",852212,"Sacrificed","2017-07-28","F","+/+",4109,101,16976,"A/J","Lean Mass","2017-07-06","fed",96540,"14590",FALSE,"Control Diet"
"412",71,FALSE,"Mixed",852212,"Sacrificed","2017-07-28","F","+/+",4109,101,16976,"A/J","Body Weight","2017-06-28","fed",96655,"17600",FALSE,"Control Diet"
"413",71,FALSE,"Mixed",852212,"Sacrificed","2017-07-28","F","+/+",4109,101,16976,"A/J","Total Fat Mass","2017-06-28","fed",96687,"2220",FALSE,"Control Diet"
"414",71,FALSE,"Mixed",852212,"Sacrificed","2017-07-28","F","+/+",4109,101,16976,"A/J","Lean Mass","2017-06-28","fed",96719,"13970",FALSE,"Control Diet"
"415",93,FALSE,"Mixed",852212,"Sacrificed","2017-07-28","F","+/+",4109,101,16976,"A/J","Body Weight","2017-07-20","fed",97108,"20800",FALSE,"Control Diet"
"416",93,FALSE,"Mixed",852212,"Sacrificed","2017-07-28","F","+/+",4109,101,16976,"A/J","Total Fat Mass","2017-07-20","fed",97138,"3790",FALSE,"Control Diet"
"417",93,FALSE,"Mixed",852212,"Sacrificed","2017-07-28","F","+/+",4109,101,16976,"A/J","Lean Mass","2017-07-20","fed",97168,"15440",FALSE,"Control Diet"
"418",97,FALSE,"Mixed",852212,"Sacrificed","2017-07-28","F","+/+",4109,101,16976,"A/J","Body Weight","2017-07-24","fed",97199,"21100",FALSE,"Control Diet"
"419",97,FALSE,"Mixed",852212,"Sacrificed","2017-07-28","F","+/+",4109,101,16976,"A/J","Total Fat Mass","2017-07-24","fed",97228,"4100",FALSE,"Control Diet"
"420",97,FALSE,"Mixed",852212,"Sacrificed","2017-07-28","F","+/+",4109,101,16976,"A/J","Lean Mass","2017-07-24","fed",97257,"15550",FALSE,"Control Diet"
"421",64,FALSE,"Mixed",852213,"Sacrificed","2017-07-28","F","+/+",4110,101,16977,"A/J","Body Weight","2017-06-21","fed",96257,"20300",TRUE,"Ketogenic Diet"
"422",64,FALSE,"Mixed",852213,"Sacrificed","2017-07-28","F","+/+",4110,101,16977,"A/J","Total Fat Mass","2017-06-21","fed",96289,"3360",TRUE,"Ketogenic Diet"
"423",64,FALSE,"Mixed",852213,"Sacrificed","2017-07-28","F","+/+",4110,101,16977,"A/J","Lean Mass","2017-06-21","fed",96323,"15120",TRUE,"Ketogenic Diet"
"424",86,FALSE,"Mixed",852213,"Sacrificed","2017-07-28","F","+/+",4110,101,16977,"A/J","Body Weight","2017-07-13","fed",96377,"18600",TRUE,"Ketogenic Diet"
"425",86,FALSE,"Mixed",852213,"Sacrificed","2017-07-28","F","+/+",4110,101,16977,"A/J","Total Fat Mass","2017-07-13","fed",96416,"2690",TRUE,"Ketogenic Diet"
"426",86,FALSE,"Mixed",852213,"Sacrificed","2017-07-28","F","+/+",4110,101,16977,"A/J","Lean Mass","2017-07-13","fed",96449,"14270",TRUE,"Ketogenic Diet"
"427",79,FALSE,"Mixed",852213,"Sacrificed","2017-07-28","F","+/+",4110,101,16977,"A/J","Body Weight","2017-07-06","fed",96496,"18200",TRUE,"Ketogenic Diet"
"428",79,FALSE,"Mixed",852213,"Sacrificed","2017-07-28","F","+/+",4110,101,16977,"A/J","Total Fat Mass","2017-07-06","fed",96530,"2760",TRUE,"Ketogenic Diet"
"429",79,FALSE,"Mixed",852213,"Sacrificed","2017-07-28","F","+/+",4110,101,16977,"A/J","Lean Mass","2017-07-06","fed",96567,"13700",TRUE,"Ketogenic Diet"
"430",71,FALSE,"Mixed",852213,"Sacrificed","2017-07-28","F","+/+",4110,101,16977,"A/J","Body Weight","2017-06-28","fed",96659,"19600",TRUE,"Ketogenic Diet"
"431",71,FALSE,"Mixed",852213,"Sacrificed","2017-07-28","F","+/+",4110,101,16977,"A/J","Total Fat Mass","2017-06-28","fed",96691,"2930",TRUE,"Ketogenic Diet"
"432",71,FALSE,"Mixed",852213,"Sacrificed","2017-07-28","F","+/+",4110,101,16977,"A/J","Lean Mass","2017-06-28","fed",96723,"14770",TRUE,"Ketogenic Diet"
"433",93,FALSE,"Mixed",852213,"Sacrificed","2017-07-28","F","+/+",4110,101,16977,"A/J","Body Weight","2017-07-20","fed",97125,"19600",TRUE,"Ketogenic Diet"
"434",93,FALSE,"Mixed",852213,"Sacrificed","2017-07-28","F","+/+",4110,101,16977,"A/J","Total Fat Mass","2017-07-20","fed",97155,"2420",TRUE,"Ketogenic Diet"
"435",93,FALSE,"Mixed",852213,"Sacrificed","2017-07-28","F","+/+",4110,101,16977,"A/J","Lean Mass","2017-07-20","fed",97185,"14970",TRUE,"Ketogenic Diet"
"436",97,FALSE,"Mixed",852213,"Sacrificed","2017-07-28","F","+/+",4110,101,16977,"A/J","Body Weight","2017-07-24","fed",97217,"19200",TRUE,"Ketogenic Diet"
"437",97,FALSE,"Mixed",852213,"Sacrificed","2017-07-28","F","+/+",4110,101,16977,"A/J","Total Fat Mass","2017-07-24","fed",97246,"2370",TRUE,"Ketogenic Diet"
"438",97,FALSE,"Mixed",852213,"Sacrificed","2017-07-28","F","+/+",4110,101,16977,"A/J","Lean Mass","2017-07-24","fed",97278,"15220",TRUE,"Ketogenic Diet"
"439",64,FALSE,"Mixed",852213,"Sacrificed","2017-07-28","F","+/+",4111,101,16978,"A/J","Body Weight","2017-06-21","fed",96256,"21600",TRUE,"Ketogenic Diet"
"440",64,FALSE,"Mixed",852213,"Sacrificed","2017-07-28","F","+/+",4111,101,16978,"A/J","Total Fat Mass","2017-06-21","fed",96288,"4150",TRUE,"Ketogenic Diet"
"441",64,FALSE,"Mixed",852213,"Sacrificed","2017-07-28","F","+/+",4111,101,16978,"A/J","Lean Mass","2017-06-21","fed",96321,"15740",TRUE,"Ketogenic Diet"
"442",86,FALSE,"Mixed",852213,"Sacrificed","2017-07-28","F","+/+",4111,101,16978,"A/J","Body Weight","2017-07-13","fed",96375,"18800",TRUE,"Ketogenic Diet"
"443",86,FALSE,"Mixed",852213,"Sacrificed","2017-07-28","F","+/+",4111,101,16978,"A/J","Total Fat Mass","2017-07-13","fed",96415,"2060",TRUE,"Ketogenic Diet"
"444",86,FALSE,"Mixed",852213,"Sacrificed","2017-07-28","F","+/+",4111,101,16978,"A/J","Lean Mass","2017-07-13","fed",96448,"14840",TRUE,"Ketogenic Diet"
"445",79,FALSE,"Mixed",852213,"Sacrificed","2017-07-28","F","+/+",4111,101,16978,"A/J","Body Weight","2017-07-06","fed",96495,"17700",TRUE,"Ketogenic Diet"
"446",79,FALSE,"Mixed",852213,"Sacrificed","2017-07-28","F","+/+",4111,101,16978,"A/J","Total Fat Mass","2017-07-06","fed",96529,"2280",TRUE,"Ketogenic Diet"
"447",79,FALSE,"Mixed",852213,"Sacrificed","2017-07-28","F","+/+",4111,101,16978,"A/J","Lean Mass","2017-07-06","fed",96565,"13610",TRUE,"Ketogenic Diet"
"448",71,FALSE,"Mixed",852213,"Sacrificed","2017-07-28","F","+/+",4111,101,16978,"A/J","Body Weight","2017-06-28","fed",96660,"21200",TRUE,"Ketogenic Diet"
"449",71,FALSE,"Mixed",852213,"Sacrificed","2017-07-28","F","+/+",4111,101,16978,"A/J","Total Fat Mass","2017-06-28","fed",96692,"3120",TRUE,"Ketogenic Diet"
"450",71,FALSE,"Mixed",852213,"Sacrificed","2017-07-28","F","+/+",4111,101,16978,"A/J","Lean Mass","2017-06-28","fed",96724,"16110",TRUE,"Ketogenic Diet"
"451",93,FALSE,"Mixed",852213,"Sacrificed","2017-07-28","F","+/+",4111,101,16978,"A/J","Body Weight","2017-07-20","fed",97126,"20500",TRUE,"Ketogenic Diet"
"452",93,FALSE,"Mixed",852213,"Sacrificed","2017-07-28","F","+/+",4111,101,16978,"A/J","Total Fat Mass","2017-07-20","fed",97156,"2680",TRUE,"Ketogenic Diet"
"453",93,FALSE,"Mixed",852213,"Sacrificed","2017-07-28","F","+/+",4111,101,16978,"A/J","Lean Mass","2017-07-20","fed",97186,"15880",TRUE,"Ketogenic Diet"
"454",97,FALSE,"Mixed",852213,"Sacrificed","2017-07-28","F","+/+",4111,101,16978,"A/J","Body Weight","2017-07-24","fed",97215,"20400",TRUE,"Ketogenic Diet"
"455",97,FALSE,"Mixed",852213,"Sacrificed","2017-07-28","F","+/+",4111,101,16978,"A/J","Total Fat Mass","2017-07-24","fed",97244,"2620",TRUE,"Ketogenic Diet"
"456",97,FALSE,"Mixed",852213,"Sacrificed","2017-07-28","F","+/+",4111,101,16978,"A/J","Lean Mass","2017-07-24","fed",97276,"16120",TRUE,"Ketogenic Diet"
"457",64,FALSE,"Mixed",852213,"Sacrificed","2017-07-28","F","+/+",4112,101,16979,"A/J","Body Weight","2017-06-21","fed",96259,"21900",TRUE,"Ketogenic Diet"
"458",64,FALSE,"Mixed",852213,"Sacrificed","2017-07-28","F","+/+",4112,101,16979,"A/J","Total Fat Mass","2017-06-21","fed",96291,"4140",TRUE,"Ketogenic Diet"
"459",64,FALSE,"Mixed",852213,"Sacrificed","2017-07-28","F","+/+",4112,101,16979,"A/J","Lean Mass","2017-06-21","fed",96327,"15830",TRUE,"Ketogenic Diet"
"460",86,FALSE,"Mixed",852213,"Sacrificed","2017-07-28","F","+/+",4112,101,16979,"A/J","Body Weight","2017-07-13","fed",96378,"19500",TRUE,"Ketogenic Diet"
"461",86,FALSE,"Mixed",852213,"Sacrificed","2017-07-28","F","+/+",4112,101,16979,"A/J","Total Fat Mass","2017-07-13","fed",96417,"2240",TRUE,"Ketogenic Diet"
"462",86,FALSE,"Mixed",852213,"Sacrificed","2017-07-28","F","+/+",4112,101,16979,"A/J","Lean Mass","2017-07-13","fed",96451,"15230",TRUE,"Ketogenic Diet"
"463",79,FALSE,"Mixed",852213,"Sacrificed","2017-07-28","F","+/+",4112,101,16979,"A/J","Body Weight","2017-07-06","fed",96493,"19800",TRUE,"Ketogenic Diet"
"464",79,FALSE,"Mixed",852213,"Sacrificed","2017-07-28","F","+/+",4112,101,16979,"A/J","Total Fat Mass","2017-07-06","fed",96526,"2420",TRUE,"Ketogenic Diet"
"465",79,FALSE,"Mixed",852213,"Sacrificed","2017-07-28","F","+/+",4112,101,16979,"A/J","Lean Mass","2017-07-06","fed",96561,"15580",TRUE,"Ketogenic Diet"
"466",71,FALSE,"Mixed",852213,"Sacrificed","2017-07-28","F","+/+",4112,101,16979,"A/J","Body Weight","2017-06-28","fed",96658,"20900",TRUE,"Ketogenic Diet"
"467",71,FALSE,"Mixed",852213,"Sacrificed","2017-07-28","F","+/+",4112,101,16979,"A/J","Total Fat Mass","2017-06-28","fed",96690,"3210",TRUE,"Ketogenic Diet"
"468",71,FALSE,"Mixed",852213,"Sacrificed","2017-07-28","F","+/+",4112,101,16979,"A/J","Lean Mass","2017-06-28","fed",96722,"16040",TRUE,"Ketogenic Diet"
"469",93,FALSE,"Mixed",852213,"Sacrificed","2017-07-28","F","+/+",4112,101,16979,"A/J","Body Weight","2017-07-20","fed",97128,"20300",TRUE,"Ketogenic Diet"
"470",93,FALSE,"Mixed",852213,"Sacrificed","2017-07-28","F","+/+",4112,101,16979,"A/J","Total Fat Mass","2017-07-20","fed",97158,"2750",TRUE,"Ketogenic Diet"
"471",93,FALSE,"Mixed",852213,"Sacrificed","2017-07-28","F","+/+",4112,101,16979,"A/J","Lean Mass","2017-07-20","fed",97188,"15800",TRUE,"Ketogenic Diet"
"472",97,FALSE,"Mixed",852213,"Sacrificed","2017-07-28","F","+/+",4112,101,16979,"A/J","Body Weight","2017-07-24","fed",97216,"20300",TRUE,"Ketogenic Diet"
"473",97,FALSE,"Mixed",852213,"Sacrificed","2017-07-28","F","+/+",4112,101,16979,"A/J","Total Fat Mass","2017-07-24","fed",97245,"2850",TRUE,"Ketogenic Diet"
"474",97,FALSE,"Mixed",852213,"Sacrificed","2017-07-28","F","+/+",4112,101,16979,"A/J","Lean Mass","2017-07-24","fed",97277,"15850",TRUE,"Ketogenic Diet"
"475",64,FALSE,"Mixed",852213,"Sacrificed","2017-07-28","F","+/+",4113,101,16980,"A/J","Body Weight","2017-06-21","fed",96258,"21400",TRUE,"Ketogenic Diet"
"476",64,FALSE,"Mixed",852213,"Sacrificed","2017-07-28","F","+/+",4113,101,16980,"A/J","Total Fat Mass","2017-06-21","fed",96290,"4320",TRUE,"Ketogenic Diet"
"477",64,FALSE,"Mixed",852213,"Sacrificed","2017-07-28","F","+/+",4113,101,16980,"A/J","Lean Mass","2017-06-21","fed",96325,"15510",TRUE,"Ketogenic Diet"
"478",86,FALSE,"Mixed",852213,"Sacrificed","2017-07-28","F","+/+",4113,101,16980,"A/J","Body Weight","2017-07-13","fed",96380,"19700",TRUE,"Ketogenic Diet"
"479",86,FALSE,"Mixed",852213,"Sacrificed","2017-07-28","F","+/+",4113,101,16980,"A/J","Total Fat Mass","2017-07-13","fed",96418,"2910",TRUE,"Ketogenic Diet"
"480",86,FALSE,"Mixed",852213,"Sacrificed","2017-07-28","F","+/+",4113,101,16980,"A/J","Lean Mass","2017-07-13","fed",96452,"15190",TRUE,"Ketogenic Diet"
"481",79,FALSE,"Mixed",852213,"Sacrificed","2017-07-28","F","+/+",4113,101,16980,"A/J","Body Weight","2017-07-06","fed",96494,"19600",TRUE,"Ketogenic Diet"
"482",79,FALSE,"Mixed",852213,"Sacrificed","2017-07-28","F","+/+",4113,101,16980,"A/J","Total Fat Mass","2017-07-06","fed",96528,"3220",TRUE,"Ketogenic Diet"
"483",79,FALSE,"Mixed",852213,"Sacrificed","2017-07-28","F","+/+",4113,101,16980,"A/J","Lean Mass","2017-07-06","fed",96633,"14200",TRUE,"Ketogenic Diet"
"484",71,FALSE,"Mixed",852213,"Sacrificed","2017-07-28","F","+/+",4113,101,16980,"A/J","Body Weight","2017-06-28","fed",96661,"20400",TRUE,"Ketogenic Diet"
"485",71,FALSE,"Mixed",852213,"Sacrificed","2017-07-28","F","+/+",4113,101,16980,"A/J","Total Fat Mass","2017-06-28","fed",96693,"2930",TRUE,"Ketogenic Diet"
"486",71,FALSE,"Mixed",852213,"Sacrificed","2017-07-28","F","+/+",4113,101,16980,"A/J","Lean Mass","2017-06-28","fed",96725,"15540",TRUE,"Ketogenic Diet"
"487",93,FALSE,"Mixed",852213,"Sacrificed","2017-07-28","F","+/+",4113,101,16980,"A/J","Body Weight","2017-07-20","fed",97127,"20900",TRUE,"Ketogenic Diet"
"488",93,FALSE,"Mixed",852213,"Sacrificed","2017-07-28","F","+/+",4113,101,16980,"A/J","Total Fat Mass","2017-07-20","fed",97157,"3370",TRUE,"Ketogenic Diet"
"489",93,FALSE,"Mixed",852213,"Sacrificed","2017-07-28","F","+/+",4113,101,16980,"A/J","Lean Mass","2017-07-20","fed",97187,"15710",TRUE,"Ketogenic Diet"
"490",97,FALSE,"Mixed",852213,"Sacrificed","2017-07-28","F","+/+",4113,101,16980,"A/J","Body Weight","2017-07-24","fed",97214,"20800",TRUE,"Ketogenic Diet"
"491",97,FALSE,"Mixed",852213,"Sacrificed","2017-07-28","F","+/+",4113,101,16980,"A/J","Total Fat Mass","2017-07-24","fed",97243,"3510",TRUE,"Ketogenic Diet"
"492",97,FALSE,"Mixed",852213,"Sacrificed","2017-07-28","F","+/+",4113,101,16980,"A/J","Lean Mass","2017-07-24","fed",97275,"15670",TRUE,"Ketogenic Diet"
"493",64,FALSE,"Mixed",852211,"Sacrificed","2017-07-28","F","+/+",4114,101,16981,"A/J","Body Weight","2017-06-21","fed",96261,"22900",FALSE,"Control Diet"
"494",64,FALSE,"Mixed",852211,"Sacrificed","2017-07-28","F","+/+",4114,101,16981,"A/J","Total Fat Mass","2017-06-21","fed",96293,"4630",FALSE,"Control Diet"
"495",64,FALSE,"Mixed",852211,"Sacrificed","2017-07-28","F","+/+",4114,101,16981,"A/J","Lean Mass","2017-06-21","fed",96331,"16740",FALSE,"Control Diet"
"496",86,FALSE,"Mixed",852211,"Sacrificed","2017-07-28","F","+/+",4114,101,16981,"A/J","Body Weight","2017-07-13","fed",96353,"23900",FALSE,"Control Diet"
"497",86,FALSE,"Mixed",852211,"Sacrificed","2017-07-28","F","+/+",4114,101,16981,"A/J","Total Fat Mass","2017-07-13","fed",96398,"4310",FALSE,"Control Diet"
"498",86,FALSE,"Mixed",852211,"Sacrificed","2017-07-28","F","+/+",4114,101,16981,"A/J","Lean Mass","2017-07-13","fed",96433,"17600",FALSE,"Control Diet"
"499",79,FALSE,"Mixed",852211,"Sacrificed","2017-07-28","F","+/+",4114,101,16981,"A/J","Body Weight","2017-07-06","fed",96479,"22900",FALSE,"Control Diet"
"500",79,FALSE,"Mixed",852211,"Sacrificed","2017-07-28","F","+/+",4114,101,16981,"A/J","Total Fat Mass","2017-07-06","fed",96511,"3920",FALSE,"Control Diet"
"501",79,FALSE,"Mixed",852211,"Sacrificed","2017-07-28","F","+/+",4114,101,16981,"A/J","Lean Mass","2017-07-06","fed",96545,"16800",FALSE,"Control Diet"
"502",71,FALSE,"Mixed",852211,"Sacrificed","2017-07-28","F","+/+",4114,101,16981,"A/J","Body Weight","2017-06-28","fed",96665,"22800",FALSE,"Control Diet"
"503",71,FALSE,"Mixed",852211,"Sacrificed","2017-07-28","F","+/+",4114,101,16981,"A/J","Total Fat Mass","2017-06-28","fed",96697,"4200",FALSE,"Control Diet"
"504",71,FALSE,"Mixed",852211,"Sacrificed","2017-07-28","F","+/+",4114,101,16981,"A/J","Lean Mass","2017-06-28","fed",96729,"16730",FALSE,"Control Diet"
"505",93,FALSE,"Mixed",852211,"Sacrificed","2017-07-28","F","+/+",4114,101,16981,"A/J","Body Weight","2017-07-20","fed",97112,"23600",FALSE,"Control Diet"
"506",93,FALSE,"Mixed",852211,"Sacrificed","2017-07-28","F","+/+",4114,101,16981,"A/J","Total Fat Mass","2017-07-20","fed",97142,"4220",FALSE,"Control Diet"
"507",93,FALSE,"Mixed",852211,"Sacrificed","2017-07-28","F","+/+",4114,101,16981,"A/J","Lean Mass","2017-07-20","fed",97172,"17660",FALSE,"Control Diet"
"508",97,FALSE,"Mixed",852211,"Sacrificed","2017-07-28","F","+/+",4114,101,16981,"A/J","Body Weight","2017-07-24","fed",97201,"23800",FALSE,"Control Diet"
"509",97,FALSE,"Mixed",852211,"Sacrificed","2017-07-28","F","+/+",4114,101,16981,"A/J","Total Fat Mass","2017-07-24","fed",97230,"4220",FALSE,"Control Diet"
"510",97,FALSE,"Mixed",852211,"Sacrificed","2017-07-28","F","+/+",4114,101,16981,"A/J","Lean Mass","2017-07-24","fed",97259,"17760",FALSE,"Control Diet"
"511",64,FALSE,"Mixed",852211,"Sacrificed","2017-07-28","F","+/+",4115,101,16982,"A/J","Body Weight","2017-06-21","fed",96263,"21800",FALSE,"Control Diet"
"512",64,FALSE,"Mixed",852211,"Sacrificed","2017-07-28","F","+/+",4115,101,16982,"A/J","Total Fat Mass","2017-06-21","fed",96295,"2980",FALSE,"Control Diet"
"513",64,FALSE,"Mixed",852211,"Sacrificed","2017-07-28","F","+/+",4115,101,16982,"A/J","Lean Mass","2017-06-21","fed",96334,"16950",FALSE,"Control Diet"
"514",86,FALSE,"Mixed",852211,"Sacrificed","2017-07-28","F","+/+",4115,101,16982,"A/J","Body Weight","2017-07-13","fed",96351,"20300",FALSE,"Control Diet"
"515",86,FALSE,"Mixed",852211,"Sacrificed","2017-07-28","F","+/+",4115,101,16982,"A/J","Total Fat Mass","2017-07-13","fed",96396,"2150",FALSE,"Control Diet"
"516",86,FALSE,"Mixed",852211,"Sacrificed","2017-07-28","F","+/+",4115,101,16982,"A/J","Lean Mass","2017-07-13","fed",96431,"16250",FALSE,"Control Diet"
"517",79,FALSE,"Mixed",852211,"Sacrificed","2017-07-28","F","+/+",4115,101,16982,"A/J","Body Weight","2017-07-06","fed",96480,"20100",FALSE,"Control Diet"
"518",79,FALSE,"Mixed",852211,"Sacrificed","2017-07-28","F","+/+",4115,101,16982,"A/J","Total Fat Mass","2017-07-06","fed",96512,"1880",FALSE,"Control Diet"
"519",79,FALSE,"Mixed",852211,"Sacrificed","2017-07-28","F","+/+",4115,101,16982,"A/J","Lean Mass","2017-07-06","fed",96546,"16390",FALSE,"Control Diet"
"520",71,FALSE,"Mixed",852211,"Sacrificed","2017-07-28","F","+/+",4115,101,16982,"A/J","Body Weight","2017-06-28","fed",96662,"20100",FALSE,"Control Diet"
"521",71,FALSE,"Mixed",852211,"Sacrificed","2017-07-28","F","+/+",4115,101,16982,"A/J","Total Fat Mass","2017-06-28","fed",96694,"1880",FALSE,"Control Diet"
"522",71,FALSE,"Mixed",852211,"Sacrificed","2017-07-28","F","+/+",4115,101,16982,"A/J","Lean Mass","2017-06-28","fed",96726,"16460",FALSE,"Control Diet"
"523",93,FALSE,"Mixed",852211,"Sacrificed","2017-07-28","F","+/+",4115,101,16982,"A/J","Body Weight","2017-07-20","fed",97111,"21000",FALSE,"Control Diet"
"524",93,FALSE,"Mixed",852211,"Sacrificed","2017-07-28","F","+/+",4115,101,16982,"A/J","Total Fat Mass","2017-07-20","fed",97141,"2780",FALSE,"Control Diet"
"525",93,FALSE,"Mixed",852211,"Sacrificed","2017-07-28","F","+/+",4115,101,16982,"A/J","Lean Mass","2017-07-20","fed",97171,"16460",FALSE,"Control Diet"
"526",97,FALSE,"Mixed",852211,"Sacrificed","2017-07-28","F","+/+",4115,101,16982,"A/J","Body Weight","2017-07-24","fed",97203,"21100",FALSE,"Control Diet"
"527",97,FALSE,"Mixed",852211,"Sacrificed","2017-07-28","F","+/+",4115,101,16982,"A/J","Total Fat Mass","2017-07-24","fed",97232,"2720",FALSE,"Control Diet"
"528",97,FALSE,"Mixed",852211,"Sacrificed","2017-07-28","F","+/+",4115,101,16982,"A/J","Lean Mass","2017-07-24","fed",97261,"16740",FALSE,"Control Diet"
"529",64,FALSE,"Mixed",852211,"Sacrificed","2017-07-28","F","+/+",4116,101,16984,"A/J","Body Weight","2017-06-21","fed",96262,"21500",FALSE,"Control Diet"
"530",64,FALSE,"Mixed",852211,"Sacrificed","2017-07-28","F","+/+",4116,101,16984,"A/J","Total Fat Mass","2017-06-21","fed",96294,"4310",FALSE,"Control Diet"
"531",64,FALSE,"Mixed",852211,"Sacrificed","2017-07-28","F","+/+",4116,101,16984,"A/J","Lean Mass","2017-06-21","fed",96332,"15490",FALSE,"Control Diet"
"532",86,FALSE,"Mixed",852211,"Sacrificed","2017-07-28","F","+/+",4116,101,16984,"A/J","Body Weight","2017-07-13","fed",96352,"21000",FALSE,"Control Diet"
"533",86,FALSE,"Mixed",852211,"Sacrificed","2017-07-28","F","+/+",4116,101,16984,"A/J","Total Fat Mass","2017-07-13","fed",96397,"2880",FALSE,"Control Diet"
"534",86,FALSE,"Mixed",852211,"Sacrificed","2017-07-28","F","+/+",4116,101,16984,"A/J","Lean Mass","2017-07-13","fed",96432,"16260",FALSE,"Control Diet"
"535",79,FALSE,"Mixed",852211,"Sacrificed","2017-07-28","F","+/+",4116,101,16984,"A/J","Body Weight","2017-07-06","fed",96477,"19400",FALSE,"Control Diet"
"536",79,FALSE,"Mixed",852211,"Sacrificed","2017-07-28","F","+/+",4116,101,16984,"A/J","Total Fat Mass","2017-07-06","fed",96509,"2220",FALSE,"Control Diet"
"537",79,FALSE,"Mixed",852211,"Sacrificed","2017-07-28","F","+/+",4116,101,16984,"A/J","Lean Mass","2017-07-06","fed",96543,"15260",FALSE,"Control Diet"
"538",71,FALSE,"Mixed",852211,"Sacrificed","2017-07-28","F","+/+",4116,101,16984,"A/J","Body Weight","2017-06-28","fed",96663,"20800",FALSE,"Control Diet"
"539",71,FALSE,"Mixed",852211,"Sacrificed","2017-07-28","F","+/+",4116,101,16984,"A/J","Total Fat Mass","2017-06-28","fed",96695,"3150",FALSE,"Control Diet"
"540",71,FALSE,"Mixed",852211,"Sacrificed","2017-07-28","F","+/+",4116,101,16984,"A/J","Lean Mass","2017-06-28","fed",96727,"15900",FALSE,"Control Diet"
"541",93,FALSE,"Mixed",852211,"Sacrificed","2017-07-28","F","+/+",4116,101,16984,"A/J","Body Weight","2017-07-20","fed",97113,"21800",FALSE,"Control Diet"
"542",93,FALSE,"Mixed",852211,"Sacrificed","2017-07-28","F","+/+",4116,101,16984,"A/J","Total Fat Mass","2017-07-20","fed",97143,"3430",FALSE,"Control Diet"
"543",93,FALSE,"Mixed",852211,"Sacrificed","2017-07-28","F","+/+",4116,101,16984,"A/J","Lean Mass","2017-07-20","fed",97173,"16500",FALSE,"Control Diet"
"544",97,FALSE,"Mixed",852211,"Sacrificed","2017-07-28","F","+/+",4116,101,16984,"A/J","Body Weight","2017-07-24","fed",97202,"22200",FALSE,"Control Diet"
"545",97,FALSE,"Mixed",852211,"Sacrificed","2017-07-28","F","+/+",4116,101,16984,"A/J","Total Fat Mass","2017-07-24","fed",97231,"3510",FALSE,"Control Diet"
"546",97,FALSE,"Mixed",852211,"Sacrificed","2017-07-28","F","+/+",4116,101,16984,"A/J","Lean Mass","2017-07-24","fed",97260,"16880",FALSE,"Control Diet"
"547",64,FALSE,"Mixed",852211,"Sacrificed","2017-07-28","F","+/+",4117,101,16985,"A/J","Body Weight","2017-06-21","fed",96260,"20400",FALSE,"Control Diet"
"548",64,FALSE,"Mixed",852211,"Sacrificed","2017-07-28","F","+/+",4117,101,16985,"A/J","Total Fat Mass","2017-06-21","fed",96292,"2740",FALSE,"Control Diet"
"549",64,FALSE,"Mixed",852211,"Sacrificed","2017-07-28","F","+/+",4117,101,16985,"A/J","Lean Mass","2017-06-21","fed",96329,"15980",FALSE,"Control Diet"
"550",86,FALSE,"Mixed",852211,"Sacrificed","2017-07-28","F","+/+",4117,101,16985,"A/J","Body Weight","2017-07-13","fed",96354,"20200",FALSE,"Control Diet"
"551",86,FALSE,"Mixed",852211,"Sacrificed","2017-07-28","F","+/+",4117,101,16985,"A/J","Total Fat Mass","2017-07-13","fed",96399,"2560",FALSE,"Control Diet"
"552",86,FALSE,"Mixed",852211,"Sacrificed","2017-07-28","F","+/+",4117,101,16985,"A/J","Lean Mass","2017-07-13","fed",96434,"15860",FALSE,"Control Diet"
"553",79,FALSE,"Mixed",852211,"Sacrificed","2017-07-28","F","+/+",4117,101,16985,"A/J","Body Weight","2017-07-06","fed",96478,"19300",FALSE,"Control Diet"
"554",79,FALSE,"Mixed",852211,"Sacrificed","2017-07-28","F","+/+",4117,101,16985,"A/J","Total Fat Mass","2017-07-06","fed",96510,"1910",FALSE,"Control Diet"
"555",79,FALSE,"Mixed",852211,"Sacrificed","2017-07-28","F","+/+",4117,101,16985,"A/J","Lean Mass","2017-07-06","fed",96544,"15450",FALSE,"Control Diet"
"556",71,FALSE,"Mixed",852211,"Sacrificed","2017-07-28","F","+/+",4117,101,16985,"A/J","Body Weight","2017-06-28","fed",96664,"18800",FALSE,"Control Diet"
"557",71,FALSE,"Mixed",852211,"Sacrificed","2017-07-28","F","+/+",4117,101,16985,"A/J","Total Fat Mass","2017-06-28","fed",96696,"1360",FALSE,"Control Diet"
"558",71,FALSE,"Mixed",852211,"Sacrificed","2017-07-28","F","+/+",4117,101,16985,"A/J","Lean Mass","2017-06-28","fed",96728,"15650",FALSE,"Control Diet"
"559",93,FALSE,"Mixed",852211,"Sacrificed","2017-07-28","F","+/+",4117,101,16985,"A/J","Body Weight","2017-07-20","fed",97114,"20800",FALSE,"Control Diet"
"560",93,FALSE,"Mixed",852211,"Sacrificed","2017-07-28","F","+/+",4117,101,16985,"A/J","Total Fat Mass","2017-07-20","fed",97144,"3330",FALSE,"Control Diet"
"561",93,FALSE,"Mixed",852211,"Sacrificed","2017-07-28","F","+/+",4117,101,16985,"A/J","Lean Mass","2017-07-20","fed",97174,"15720",FALSE,"Control Diet"
"562",97,FALSE,"Mixed",852211,"Sacrificed","2017-07-28","F","+/+",4117,101,16985,"A/J","Body Weight","2017-07-24","fed",97204,"20700",FALSE,"Control Diet"
"563",97,FALSE,"Mixed",852211,"Sacrificed","2017-07-28","F","+/+",4117,101,16985,"A/J","Total Fat Mass","2017-07-24","fed",97233,"2970",FALSE,"Control Diet"
"564",97,FALSE,"Mixed",852211,"Sacrificed","2017-07-28","F","+/+",4117,101,16985,"A/J","Lean Mass","2017-07-24","fed",97262,"16010",FALSE,"Control Diet"
