age,animal.id,MouseID,Sex,Genotype,assay,experiment.date,Mass,Diet,age.weeks
24,22619,8651,M,-/-,Body Weight,2019-06-10,8.7,NA,3
24,22619,8651,M,-/-,Total Fat Mass,2019-06-10,0.62,NA,3
24,22619,8651,M,-/-,Lean Mass,2019-06-10,7.11,NA,3
24,22620,8652,M,-/-,Body Weight,2019-06-10,7.9,NA,3
24,22620,8652,M,-/-,Total Fat Mass,2019-06-10,0.7,NA,3
24,22620,8652,M,-/-,Lean Mass,2019-06-10,6.29,NA,3
24,22621,8653,M,-/-,Body Weight,2019-06-10,9.7,NA,3
24,22621,8653,M,-/-,Total Fat Mass,2019-06-10,1.03,NA,3
24,22621,8653,M,-/-,Lean Mass,2019-06-10,7.86,NA,3
24,22622,8654,F,+/+,Body Weight,2019-06-10,9,NA,3
24,22622,8654,F,+/+,Total Fat Mass,2019-06-10,0.62,NA,3
24,22622,8654,F,+/+,Lean Mass,2019-06-10,7.4,NA,3
24,22623,8655,F,-/-,Body Weight,2019-06-10,7.8,NA,3
24,22623,8655,F,-/-,Total Fat Mass,2019-06-10,0.65,NA,3
24,22623,8655,F,-/-,Lean Mass,2019-06-10,6.39,NA,3
24,22624,8656,F,-/-,Body Weight,2019-06-10,7.9,NA,3
24,22624,8656,F,-/-,Total Fat Mass,2019-06-10,0.68,NA,3
24,22624,8656,F,-/-,Lean Mass,2019-06-10,6.26,NA,3
24,22627,8659,F,-/-,Body Weight,2019-06-10,8.6,NA,3
24,22627,8659,F,-/-,Total Fat Mass,2019-06-10,0.62,NA,3
24,22627,8659,F,-/-,Lean Mass,2019-06-10,7.11,NA,3
23,22629,8661,M,-/-,Body Weight,2019-06-10,7.5,NA,3
23,22629,8661,M,-/-,Total Fat Mass,2019-06-10,0.39,NA,3
23,22629,8661,M,-/-,Lean Mass,2019-06-10,6.41,NA,3
23,22630,8662,M,-/-,Body Weight,2019-06-10,7.9,NA,3
23,22630,8662,M,-/-,Total Fat Mass,2019-06-10,0.42,NA,3
23,22630,8662,M,-/-,Lean Mass,2019-06-10,6.56,NA,3
31,22619,8651,M,-/-,Body Weight,2019-06-17,14.1,NA,4
31,22619,8651,M,-/-,Total Fat Mass,2019-06-17,2.1,NA,4
31,22619,8651,M,-/-,Lean Mass,2019-06-17,10.89,NA,4
31,22620,8652,M,-/-,Body Weight,2019-06-17,12.8,NA,4
31,22620,8652,M,-/-,Total Fat Mass,2019-06-17,1.64,NA,4
31,22620,8652,M,-/-,Lean Mass,2019-06-17,9.93,NA,4
31,22621,8653,M,-/-,Body Weight,2019-06-17,13.4,NA,4
31,22621,8653,M,-/-,Total Fat Mass,2019-06-17,1.23,NA,4
31,22621,8653,M,-/-,Lean Mass,2019-06-17,10.44,NA,4
31,22622,8654,F,+/+,Body Weight,2019-06-17,12.5,NA,4
31,22622,8654,F,+/+,Total Fat Mass,2019-06-17,0.82,NA,4
31,22622,8654,F,+/+,Lean Mass,2019-06-17,11.4,NA,4
31,22623,8655,F,-/-,Body Weight,2019-06-17,10.6,NA,4
31,22623,8655,F,-/-,Total Fat Mass,2019-06-17,1.35,NA,4
31,22623,8655,F,-/-,Lean Mass,2019-06-17,8.46,NA,4
31,22624,8656,F,-/-,Body Weight,2019-06-17,11.6,NA,4
31,22624,8656,F,-/-,Total Fat Mass,2019-06-17,2.17,NA,4
31,22624,8656,F,-/-,Lean Mass,2019-06-17,8.34,NA,4
31,22627,8659,F,-/-,Body Weight,2019-06-17,12.5,NA,4
31,22627,8659,F,-/-,Total Fat Mass,2019-06-17,1.68,NA,4
31,22627,8659,F,-/-,Lean Mass,2019-06-17,10.44,NA,4
30,22629,8661,M,-/-,Body Weight,2019-06-17,12.8,NA,4
30,22629,8661,M,-/-,Total Fat Mass,2019-06-17,1.18,NA,4
30,22629,8661,M,-/-,Lean Mass,2019-06-17,10.47,NA,4
30,22630,8662,M,-/-,Body Weight,2019-06-17,11.3,NA,4
30,22630,8662,M,-/-,Total Fat Mass,2019-06-17,0.75,NA,4
30,22630,8662,M,-/-,Lean Mass,2019-06-17,9.64,NA,4
38,22619,8651,M,-/-,Body Weight,2019-06-24,17.6,NA,5
38,22619,8651,M,-/-,Total Fat Mass,2019-06-24,1.09,NA,5
38,22619,8651,M,-/-,Lean Mass,2019-06-24,14.98,NA,5
38,22620,8652,M,-/-,Body Weight,2019-06-24,18.2,NA,5
38,22620,8652,M,-/-,Total Fat Mass,2019-06-24,1.28,NA,5
38,22620,8652,M,-/-,Lean Mass,2019-06-24,15.33,NA,5
38,22621,8653,M,-/-,Body Weight,2019-06-24,19,NA,5
38,22621,8653,M,-/-,Total Fat Mass,2019-06-24,1.77,NA,5
38,22621,8653,M,-/-,Lean Mass,2019-06-24,15.76,NA,5
38,22622,8654,F,+/+,Body Weight,2019-06-24,15.9,NA,5
38,22622,8654,F,+/+,Total Fat Mass,2019-06-24,1.49,NA,5
38,22622,8654,F,+/+,Lean Mass,2019-06-24,12.88,NA,5
38,22623,8655,F,-/-,Body Weight,2019-06-24,14.1,NA,5
38,22623,8655,F,-/-,Total Fat Mass,2019-06-24,1.69,NA,5
38,22623,8655,F,-/-,Lean Mass,2019-06-24,11.3,NA,5
38,22624,8656,F,-/-,Body Weight,2019-06-24,15.3,NA,5
38,22624,8656,F,-/-,Total Fat Mass,2019-06-24,1.59,NA,5
38,22624,8656,F,-/-,Lean Mass,2019-06-24,12.91,NA,5
38,22627,8659,F,-/-,Body Weight,2019-06-24,15.9,NA,5
38,22627,8659,F,-/-,Total Fat Mass,2019-06-24,1.48,NA,5
38,22627,8659,F,-/-,Lean Mass,2019-06-24,12.96,NA,5
37,22629,8661,M,-/-,Body Weight,2019-06-24,17.4,NA,5
37,22629,8661,M,-/-,Total Fat Mass,2019-06-24,1.39,NA,5
37,22629,8661,M,-/-,Lean Mass,2019-06-24,15.1,NA,5
37,22630,8662,M,-/-,Body Weight,2019-06-24,16.5,NA,5
37,22630,8662,M,-/-,Total Fat Mass,2019-06-24,1.35,NA,5
37,22630,8662,M,-/-,Lean Mass,2019-06-24,14.19,NA,5
45,22619,8651,M,-/-,Body Weight,2019-07-01,19.7,NA,6
45,22619,8651,M,-/-,Total Fat Mass,2019-07-01,1.14,NA,6
45,22619,8651,M,-/-,Lean Mass,2019-07-01,16.72,NA,6
45,22620,8652,M,-/-,Body Weight,2019-07-01,19.8,NA,6
45,22620,8652,M,-/-,Total Fat Mass,2019-07-01,1.48,NA,6
45,22620,8652,M,-/-,Lean Mass,2019-07-01,16.92,NA,6
45,22621,8653,M,-/-,Body Weight,2019-07-01,20.3,NA,6
45,22621,8653,M,-/-,Total Fat Mass,2019-07-01,1.58,NA,6
45,22621,8653,M,-/-,Lean Mass,2019-07-01,16.78,NA,6
45,22622,8654,F,+/+,Body Weight,2019-07-01,17.6,NA,6
45,22622,8654,F,+/+,Total Fat Mass,2019-07-01,1.78,NA,6
45,22622,8654,F,+/+,Lean Mass,2019-07-01,14.06,NA,6
45,22623,8655,F,-/-,Body Weight,2019-07-01,15.4,NA,6
45,22623,8655,F,-/-,Total Fat Mass,2019-07-01,1.46,NA,6
45,22623,8655,F,-/-,Lean Mass,2019-07-01,12.61,NA,6
45,22624,8656,F,-/-,Body Weight,2019-07-01,16.9,NA,6
45,22624,8656,F,-/-,Total Fat Mass,2019-07-01,1.78,NA,6
45,22624,8656,F,-/-,Lean Mass,2019-07-01,13.83,NA,6
45,22627,8659,F,-/-,Body Weight,2019-07-01,16.9,NA,6
45,22627,8659,F,-/-,Total Fat Mass,2019-07-01,1.82,NA,6
45,22627,8659,F,-/-,Lean Mass,2019-07-01,13.25,NA,6
44,22629,8661,M,-/-,Body Weight,2019-07-01,19.2,NA,6
44,22629,8661,M,-/-,Total Fat Mass,2019-07-01,1.29,NA,6
44,22629,8661,M,-/-,Lean Mass,2019-07-01,16.44,NA,6
44,22630,8662,M,-/-,Body Weight,2019-07-01,20.1,NA,6
44,22630,8662,M,-/-,Total Fat Mass,2019-07-01,1.53,NA,6
44,22630,8662,M,-/-,Lean Mass,2019-07-01,17.38,NA,6
24,23035,8902,F,+/+,Body Weight,2019-07-03,6.8,NA,3
24,23035,8902,F,+/+,Total Fat Mass,2019-07-03,0.83,NA,3
24,23035,8902,F,+/+,Lean Mass,2019-07-03,5.86,NA,3
22,23036,8905,M,+/+,Body Weight,2019-07-03,8.4,NA,3
22,23036,8905,M,+/+,Total Fat Mass,2019-07-03,0.86,NA,3
22,23036,8905,M,+/+,Lean Mass,2019-07-03,7.13,NA,3
22,23037,8906,F,+/+,Body Weight,2019-07-03,6.9,NA,3
22,23037,8906,F,+/+,Total Fat Mass,2019-07-03,1,NA,3
22,23037,8906,F,+/+,Lean Mass,2019-07-03,5.05,NA,3
22,23038,8907,F,-/-,Body Weight,2019-07-03,8.3,NA,3
22,23038,8907,F,-/-,Total Fat Mass,2019-07-03,0.84,NA,3
22,23038,8907,F,-/-,Lean Mass,2019-07-03,6.81,NA,3
22,23039,8908,F,-/-,Body Weight,2019-07-03,7.6,NA,3
22,23039,8908,F,-/-,Total Fat Mass,2019-07-03,0.71,NA,3
22,23039,8908,F,-/-,Lean Mass,2019-07-03,6.42,NA,3
22,23040,8903,M,+/+,Body Weight,2019-07-03,7.3,NA,3
22,23040,8903,M,+/+,Total Fat Mass,2019-07-03,0.53,NA,3
22,23040,8903,M,+/+,Lean Mass,2019-07-03,6.23,NA,3
22,23041,8904,M,+/+,Body Weight,2019-07-03,8.1,NA,3
22,23041,8904,M,+/+,Total Fat Mass,2019-07-03,0.59,NA,3
22,23041,8904,M,+/+,Lean Mass,2019-07-03,6.88,NA,3
52,22619,8651,M,-/-,Body Weight,2019-07-08,21.1,NA,7
52,22619,8651,M,-/-,Total Fat Mass,2019-07-08,2.3,NA,7
52,22619,8651,M,-/-,Lean Mass,2019-07-08,16.93,NA,7
52,22620,8652,M,-/-,Body Weight,2019-07-08,21,NA,7
52,22620,8652,M,-/-,Total Fat Mass,2019-07-08,1.28,NA,7
52,22620,8652,M,-/-,Lean Mass,2019-07-08,18.1,NA,7
52,22621,8653,M,-/-,Body Weight,2019-07-08,21.4,NA,7
52,22621,8653,M,-/-,Total Fat Mass,2019-07-08,2.01,NA,7
52,22621,8653,M,-/-,Lean Mass,2019-07-08,17.65,NA,7
52,22622,8654,F,+/+,Body Weight,2019-07-08,17.5,NA,7
52,22622,8654,F,+/+,Total Fat Mass,2019-07-08,1.16,NA,7
52,22622,8654,F,+/+,Lean Mass,2019-07-08,14.33,NA,7
52,22623,8655,F,-/-,Body Weight,2019-07-08,16.4,NA,7
52,22623,8655,F,-/-,Total Fat Mass,2019-07-08,1.39,NA,7
52,22623,8655,F,-/-,Lean Mass,2019-07-08,13.36,NA,7
52,22624,8656,F,-/-,Body Weight,2019-07-08,17.4,NA,7
52,22624,8656,F,-/-,Total Fat Mass,2019-07-08,1.73,NA,7
52,22624,8656,F,-/-,Lean Mass,2019-07-08,13.38,NA,7
52,22627,8659,F,-/-,Body Weight,2019-07-08,17.5,NA,7
52,22627,8659,F,-/-,Total Fat Mass,2019-07-08,1.76,NA,7
52,22627,8659,F,-/-,Lean Mass,2019-07-08,13.64,NA,7
51,22629,8661,M,-/-,Body Weight,2019-07-08,19.7,NA,7
51,22629,8661,M,-/-,Total Fat Mass,2019-07-08,1.14,NA,7
51,22629,8661,M,-/-,Lean Mass,2019-07-08,16.97,NA,7
51,22630,8662,M,-/-,Body Weight,2019-07-08,20.9,NA,7
51,22630,8662,M,-/-,Total Fat Mass,2019-07-08,1.4,NA,7
51,22630,8662,M,-/-,Lean Mass,2019-07-08,17.92,NA,7
31,23034,8901,M,+/+,Body Weight,2019-07-10,8.3,NA,4
31,23034,8901,M,+/+,Total Fat Mass,2019-07-10,0.77,NA,4
31,23034,8901,M,+/+,Lean Mass,2019-07-10,6.92,NA,4
31,23035,8902,F,+/+,Body Weight,2019-07-10,10.9,NA,4
31,23035,8902,F,+/+,Total Fat Mass,2019-07-10,1.14,NA,4
31,23035,8902,F,+/+,Lean Mass,2019-07-10,9.05,NA,4
29,23036,8905,M,+/+,Body Weight,2019-07-10,14.4,NA,4
29,23036,8905,M,+/+,Total Fat Mass,2019-07-10,1.23,NA,4
29,23036,8905,M,+/+,Lean Mass,2019-07-10,12.2,NA,4
29,23037,8906,F,+/+,Body Weight,2019-07-10,11.1,NA,4
29,23037,8906,F,+/+,Total Fat Mass,2019-07-10,1.15,NA,4
29,23037,8906,F,+/+,Lean Mass,2019-07-10,9.11,NA,4
29,23038,8907,F,-/-,Body Weight,2019-07-10,12.5,NA,4
29,23038,8907,F,-/-,Total Fat Mass,2019-07-10,1.2,NA,4
29,23038,8907,F,-/-,Lean Mass,2019-07-10,10.49,NA,4
29,23039,8908,F,-/-,Body Weight,2019-07-10,12.7,NA,4
29,23039,8908,F,-/-,Total Fat Mass,2019-07-10,1.11,NA,4
29,23039,8908,F,-/-,Lean Mass,2019-07-10,10.75,NA,4
29,23040,8903,M,+/+,Body Weight,2019-07-10,12,NA,4
29,23040,8903,M,+/+,Total Fat Mass,2019-07-10,0.93,NA,4
29,23040,8903,M,+/+,Lean Mass,2019-07-10,10.11,NA,4
29,23041,8904,M,+/+,Body Weight,2019-07-10,13.7,NA,4
29,23041,8904,M,+/+,Total Fat Mass,2019-07-10,1.18,NA,4
29,23041,8904,M,+/+,Lean Mass,2019-07-10,11.21,NA,4
59,22619,8651,M,-/-,Body Weight,2019-07-15,21.5,NA,8
59,22619,8651,M,-/-,Total Fat Mass,2019-07-15,1.06,NA,8
59,22619,8651,M,-/-,Lean Mass,2019-07-15,18,NA,8
59,22620,8652,M,-/-,Body Weight,2019-07-15,22.1,NA,8
59,22620,8652,M,-/-,Total Fat Mass,2019-07-15,0.92,NA,8
59,22620,8652,M,-/-,Lean Mass,2019-07-15,18.09,NA,8
59,22621,8653,M,-/-,Body Weight,2019-07-15,23.2,NA,8
59,22621,8653,M,-/-,Total Fat Mass,2019-07-15,1.17,NA,8
59,22621,8653,M,-/-,Lean Mass,2019-07-15,19.27,NA,8
59,22622,8654,F,+/+,Body Weight,2019-07-15,18,NA,8
59,22622,8654,F,+/+,Total Fat Mass,2019-07-15,1.33,NA,8
59,22622,8654,F,+/+,Lean Mass,2019-07-15,14.61,NA,8
59,22623,8655,F,-/-,Body Weight,2019-07-15,17.6,NA,8
59,22623,8655,F,-/-,Total Fat Mass,2019-07-15,1.45,NA,8
59,22623,8655,F,-/-,Lean Mass,2019-07-15,14.52,NA,8
59,22624,8656,F,-/-,Body Weight,2019-07-15,17.8,NA,8
59,22624,8656,F,-/-,Total Fat Mass,2019-07-15,1.63,NA,8
59,22624,8656,F,-/-,Lean Mass,2019-07-15,14.39,NA,8
59,22627,8659,F,-/-,Body Weight,2019-07-15,18.2,NA,8
59,22627,8659,F,-/-,Total Fat Mass,2019-07-15,1.84,NA,8
59,22627,8659,F,-/-,Lean Mass,2019-07-15,14.71,NA,8
58,22629,8661,M,-/-,Body Weight,2019-07-15,20.7,NA,8
58,22629,8661,M,-/-,Total Fat Mass,2019-07-15,1.13,NA,8
58,22629,8661,M,-/-,Lean Mass,2019-07-15,17.8,NA,8
58,22630,8662,M,-/-,Body Weight,2019-07-15,22.1,NA,8
58,22630,8662,M,-/-,Total Fat Mass,2019-07-15,1.49,NA,8
58,22630,8662,M,-/-,Lean Mass,2019-07-15,18.86,NA,8
38,23035,8902,F,+/+,Body Weight,2019-07-17,14,NA,5
38,23035,8902,F,+/+,Total Fat Mass,2019-07-17,1.47,NA,5
38,23035,8902,F,+/+,Lean Mass,2019-07-17,11.41,NA,5
36,23036,8905,M,+/+,Body Weight,2019-07-17,19.2,NA,5
36,23036,8905,M,+/+,Total Fat Mass,2019-07-17,1.38,NA,5
36,23036,8905,M,+/+,Lean Mass,2019-07-17,16.36,NA,5
36,23037,8906,F,+/+,Body Weight,2019-07-17,14.6,NA,5
36,23037,8906,F,+/+,Total Fat Mass,2019-07-17,1.4,NA,5
36,23037,8906,F,+/+,Lean Mass,2019-07-17,12.05,NA,5
36,23038,8907,F,-/-,Body Weight,2019-07-17,15.6,NA,5
36,23038,8907,F,-/-,Total Fat Mass,2019-07-17,1.64,NA,5
36,23038,8907,F,-/-,Lean Mass,2019-07-17,12.82,NA,5
36,23039,8908,F,-/-,Body Weight,2019-07-17,17,NA,5
36,23039,8908,F,-/-,Total Fat Mass,2019-07-17,1.54,NA,5
36,23039,8908,F,-/-,Lean Mass,2019-07-17,13.9,NA,5
36,23040,8903,M,+/+,Body Weight,2019-07-17,16.2,NA,5
36,23040,8903,M,+/+,Total Fat Mass,2019-07-17,1.19,NA,5
36,23040,8903,M,+/+,Lean Mass,2019-07-17,13.84,NA,5
36,23041,8904,M,+/+,Body Weight,2019-07-17,16.6,NA,5
36,23041,8904,M,+/+,Total Fat Mass,2019-07-17,1.12,NA,5
36,23041,8904,M,+/+,Lean Mass,2019-07-17,14.28,NA,5
21,23116,8981,F,+/+,Body Weight,2019-07-17,9,NA,3
21,23116,8981,F,+/+,Total Fat Mass,2019-07-17,0.85,NA,3
21,23116,8981,F,+/+,Lean Mass,2019-07-17,7.39,NA,3
66,22619,8651,M,-/-,Body Weight,2019-07-22,22,NA,9
66,22619,8651,M,-/-,Total Fat Mass,2019-07-22,1.3,NA,9
66,22619,8651,M,-/-,Lean Mass,2019-07-22,18.92,NA,9
66,22620,8652,M,-/-,Body Weight,2019-07-22,22,NA,9
66,22620,8652,M,-/-,Total Fat Mass,2019-07-22,1.35,NA,9
66,22620,8652,M,-/-,Lean Mass,2019-07-22,19.06,NA,9
66,22621,8653,M,-/-,Body Weight,2019-07-22,23.8,NA,9
66,22621,8653,M,-/-,Total Fat Mass,2019-07-22,1.28,NA,9
66,22621,8653,M,-/-,Total Fat Mass,2019-07-22,1.38,NA,9
66,22621,8653,M,-/-,Lean Mass,2019-07-22,14.81,NA,9
66,22622,8654,F,+/+,Body Weight,2019-07-22,18.8,NA,9
66,22622,8654,F,+/+,Total Fat Mass,2019-07-22,1.08,NA,9
66,22622,8654,F,+/+,Lean Mass,2019-07-22,15.7,NA,9
66,22623,8655,F,-/-,Body Weight,2019-07-22,18,NA,9
66,22624,8656,F,-/-,Body Weight,2019-07-22,18.9,NA,9
66,22624,8656,F,-/-,Total Fat Mass,2019-07-22,1.47,NA,9
66,22624,8656,F,-/-,Lean Mass,2019-07-22,15.42,NA,9
66,22627,8659,F,-/-,Body Weight,2019-07-22,18.8,NA,9
66,22627,8659,F,-/-,Total Fat Mass,2019-07-22,1.84,NA,9
66,22627,8659,F,-/-,Lean Mass,2019-07-22,15.15,NA,9
65,22629,8661,M,-/-,Body Weight,2019-07-22,21.3,NA,9
65,22629,8661,M,-/-,Total Fat Mass,2019-07-22,1.28,NA,9
65,22629,8661,M,-/-,Lean Mass,2019-07-22,18.17,NA,9
65,22630,8662,M,-/-,Body Weight,2019-07-22,23,NA,9
65,22630,8662,M,-/-,Total Fat Mass,2019-07-22,1.61,NA,9
65,22630,8662,M,-/-,Lean Mass,2019-07-22,19.63,NA,9
45,23034,8901,M,+/+,Body Weight,2019-07-24,13.6,NA,6
45,23034,8901,M,+/+,Total Fat Mass,2019-07-24,1.04,NA,6
45,23034,8901,M,+/+,Lean Mass,2019-07-24,11.09,NA,6
45,23035,8902,F,+/+,Body Weight,2019-07-24,14.6,NA,6
45,23035,8902,F,+/+,Total Fat Mass,2019-07-24,1.15,NA,6
45,23035,8902,F,+/+,Lean Mass,2019-07-24,11.96,NA,6
43,23036,8905,M,+/+,Body Weight,2019-07-24,20.8,NA,6
43,23036,8905,M,+/+,Total Fat Mass,2019-07-24,1.23,NA,6
43,23036,8905,M,+/+,Lean Mass,2019-07-24,17.79,NA,6
43,23037,8906,F,+/+,Body Weight,2019-07-24,15.3,NA,6
43,23037,8906,F,+/+,Total Fat Mass,2019-07-24,1.55,NA,6
43,23037,8906,F,+/+,Lean Mass,2019-07-24,12.25,NA,6
43,23038,8907,F,-/-,Body Weight,2019-07-24,16,NA,6
43,23038,8907,F,-/-,Total Fat Mass,2019-07-24,1.36,NA,6
43,23038,8907,F,-/-,Lean Mass,2019-07-24,12.94,NA,6
43,23039,8908,F,-/-,Body Weight,2019-07-24,17.1,NA,6
43,23039,8908,F,-/-,Total Fat Mass,2019-07-24,1.18,NA,6
43,23039,8908,F,-/-,Lean Mass,2019-07-24,14.07,NA,6
43,23040,8903,M,+/+,Body Weight,2019-07-24,17.6,NA,6
43,23040,8903,M,+/+,Total Fat Mass,2019-07-24,0.75,NA,6
43,23040,8903,M,+/+,Lean Mass,2019-07-24,15.1,NA,6
43,23041,8904,M,+/+,Body Weight,2019-07-24,18.2,NA,6
43,23041,8904,M,+/+,Total Fat Mass,2019-07-24,1.54,NA,6
43,23041,8904,M,+/+,Lean Mass,2019-07-24,14.92,NA,6
28,23116,8981,F,+/+,Body Weight,2019-07-24,13.1,NA,4
28,23116,8981,F,+/+,Total Fat Mass,2019-07-24,0.93,NA,4
28,23116,8981,F,+/+,Lean Mass,2019-07-24,10.91,NA,4
73,22619,8651,M,-/-,Body Weight,2019-07-29,23,NA,10
73,22619,8651,M,-/-,Total Fat Mass,2019-07-29,1.24,NA,10
73,22619,8651,M,-/-,Lean Mass,2019-07-29,19.5,NA,10
73,22620,8652,M,-/-,Body Weight,2019-07-29,22.8,NA,10
73,22620,8652,M,-/-,Total Fat Mass,2019-07-29,1.1,NA,10
73,22620,8652,M,-/-,Lean Mass,2019-07-29,19.49,NA,10
73,22621,8653,M,-/-,Body Weight,2019-07-29,24.1,NA,10
73,22621,8653,M,-/-,Total Fat Mass,2019-07-29,1.48,NA,10
73,22621,8653,M,-/-,Lean Mass,2019-07-29,19.98,NA,10
73,22622,8654,F,+/+,Body Weight,2019-07-29,19.7,NA,10
73,22622,8654,F,+/+,Total Fat Mass,2019-07-29,0.93,NA,10
73,22622,8654,F,+/+,Lean Mass,2019-07-29,16.29,NA,10
73,22623,8655,F,-/-,Body Weight,2019-07-29,18.7,NA,10
73,22623,8655,F,-/-,Total Fat Mass,2019-07-29,1.42,NA,10
73,22623,8655,F,-/-,Lean Mass,2019-07-29,15.26,NA,10
73,22624,8656,F,-/-,Body Weight,2019-07-29,19.3,NA,10
73,22624,8656,F,-/-,Total Fat Mass,2019-07-29,1.22,NA,10
73,22624,8656,F,-/-,Lean Mass,2019-07-29,16.04,NA,10
73,22627,8659,F,-/-,Body Weight,2019-07-29,19.7,NA,10
73,22627,8659,F,-/-,Total Fat Mass,2019-07-29,1.75,NA,10
73,22627,8659,F,-/-,Lean Mass,2019-07-29,15.79,NA,10
72,22629,8661,M,-/-,Body Weight,2019-07-29,21.8,NA,10
72,22629,8661,M,-/-,Total Fat Mass,2019-07-29,1.26,NA,10
72,22629,8661,M,-/-,Lean Mass,2019-07-29,18.56,NA,10
72,22630,8662,M,-/-,Body Weight,2019-07-29,23.6,NA,10
72,22630,8662,M,-/-,Total Fat Mass,2019-07-29,1.65,NA,10
72,22630,8662,M,-/-,Lean Mass,2019-07-29,19.97,NA,10
52,23034,8901,M,+/+,Body Weight,2019-07-31,17,NA,7
52,23034,8901,M,+/+,Total Fat Mass,2019-07-31,1.61,NA,7
52,23034,8901,M,+/+,Lean Mass,2019-07-31,13.92,NA,7
52,23035,8902,F,+/+,Body Weight,2019-07-31,16,NA,7
52,23035,8902,F,+/+,Total Fat Mass,2019-07-31,1.61,NA,7
52,23035,8902,F,+/+,Lean Mass,2019-07-31,13.04,NA,7
50,23036,8905,M,+/+,Body Weight,2019-07-31,22.8,NA,7
50,23036,8905,M,+/+,Total Fat Mass,2019-07-31,1.82,NA,7
50,23036,8905,M,+/+,Lean Mass,2019-07-31,19.32,NA,7
50,23037,8906,F,+/+,Body Weight,2019-07-31,15.9,NA,7
50,23037,8906,F,+/+,Total Fat Mass,2019-07-31,0.93,NA,7
50,23037,8906,F,+/+,Lean Mass,2019-07-31,10.76,NA,7
50,23038,8907,F,-/-,Body Weight,2019-07-31,17,NA,7
50,23038,8907,F,-/-,Total Fat Mass,2019-07-31,1.89,NA,7
50,23038,8907,F,-/-,Lean Mass,2019-07-31,13.54,NA,7
50,23039,8908,F,-/-,Body Weight,2019-07-31,18.9,NA,7
50,23039,8908,F,-/-,Total Fat Mass,2019-07-31,1.6,NA,7
50,23039,8908,F,-/-,Lean Mass,2019-07-31,15.38,NA,7
50,23040,8903,M,+/+,Body Weight,2019-07-31,19.4,NA,7
50,23040,8903,M,+/+,Total Fat Mass,2019-07-31,1.28,NA,7
50,23040,8903,M,+/+,Lean Mass,2019-07-31,16.46,NA,7
50,23041,8904,M,+/+,Body Weight,2019-07-31,19.6,NA,7
50,23041,8904,M,+/+,Total Fat Mass,2019-07-31,1.59,NA,7
50,23041,8904,M,+/+,Lean Mass,2019-07-31,16.6,NA,7
35,23116,8981,F,+/+,Body Weight,2019-07-31,15.8,NA,5
35,23116,8981,F,+/+,Total Fat Mass,2019-07-31,1.39,NA,5
35,23116,8981,F,+/+,Lean Mass,2019-07-31,13.19,NA,5
80,22619,8651,M,-/-,Body Weight,2019-08-05,23.2,NA,11
80,22619,8651,M,-/-,Total Fat Mass,2019-08-05,1.94,NA,11
80,22619,8651,M,-/-,Lean Mass,2019-08-05,19.45,NA,11
80,22620,8652,M,-/-,Body Weight,2019-08-05,23.3,NA,11
80,22620,8652,M,-/-,Total Fat Mass,2019-08-05,2.61,NA,11
80,22620,8652,M,-/-,Lean Mass,2019-08-05,19.13,NA,11
80,22621,8653,M,-/-,Body Weight,2019-08-05,24,NA,11
80,22621,8653,M,-/-,Total Fat Mass,2019-08-05,2.32,NA,11
80,22621,8653,M,-/-,Lean Mass,2019-08-05,19.71,NA,11
80,22622,8654,F,+/+,Body Weight,2019-08-05,20,NA,11
80,22622,8654,F,+/+,Total Fat Mass,2019-08-05,1.81,NA,11
80,22622,8654,F,+/+,Lean Mass,2019-08-05,16.45,NA,11
80,22623,8655,F,-/-,Body Weight,2019-08-05,19.4,NA,11
80,22623,8655,F,-/-,Total Fat Mass,2019-08-05,2.8,NA,11
80,22623,8655,F,-/-,Lean Mass,2019-08-05,15,NA,11
80,22624,8656,F,-/-,Body Weight,2019-08-05,20.2,NA,11
80,22624,8656,F,-/-,Total Fat Mass,2019-08-05,2.26,NA,11
80,22624,8656,F,-/-,Lean Mass,2019-08-05,16.03,NA,11
80,22627,8659,F,-/-,Body Weight,2019-08-05,20.4,NA,11
80,22627,8659,F,-/-,Total Fat Mass,2019-08-05,3.01,NA,11
80,22627,8659,F,-/-,Lean Mass,2019-08-05,15.46,NA,11
79,22629,8661,M,-/-,Body Weight,2019-08-05,22.6,NA,11
79,22629,8661,M,-/-,Total Fat Mass,2019-08-05,2.59,NA,11
79,22629,8661,M,-/-,Lean Mass,2019-08-05,18.33,NA,11
79,22630,8662,M,-/-,Body Weight,2019-08-05,23.7,NA,11
79,22630,8662,M,-/-,Total Fat Mass,2019-08-05,2.35,NA,11
79,22630,8662,M,-/-,Lean Mass,2019-08-05,19.43,NA,11
82,22619,8651,M,-/-,Plasma Glucose,2019-08-07,NA,NA,12
82,22620,8652,M,-/-,Plasma Glucose,2019-08-07,NA,NA,12
82,22621,8653,M,-/-,Plasma Glucose,2019-08-07,NA,NA,12
82,22622,8654,F,+/+,Plasma Glucose,2019-08-07,NA,NA,12
82,22623,8655,F,-/-,Plasma Glucose,2019-08-07,NA,NA,12
82,22624,8656,F,-/-,Plasma Glucose,2019-08-07,NA,NA,12
82,22627,8659,F,-/-,Plasma Glucose,2019-08-07,NA,NA,12
81,22629,8661,M,-/-,Plasma Glucose,2019-08-07,NA,NA,12
59,23034,8901,M,+/+,Body Weight,2019-08-07,18.8,NA,8
59,23034,8901,M,+/+,Total Fat Mass,2019-08-07,1.4,NA,8
59,23034,8901,M,+/+,Lean Mass,2019-08-07,16.07,NA,8
59,23035,8902,F,+/+,Body Weight,2019-08-07,16.2,NA,8
59,23035,8902,F,+/+,Total Fat Mass,2019-08-07,1.74,NA,8
59,23035,8902,F,+/+,Lean Mass,2019-08-07,12.92,NA,8
57,23036,8905,M,+/+,Body Weight,2019-08-07,23.8,NA,8
57,23036,8905,M,+/+,Total Fat Mass,2019-08-07,1.8,NA,8
57,23036,8905,M,+/+,Lean Mass,2019-08-07,20.01,NA,8
57,23037,8906,F,+/+,Body Weight,2019-08-07,16.6,NA,8
57,23037,8906,F,+/+,Total Fat Mass,2019-08-07,1.71,NA,8
57,23037,8906,F,+/+,Lean Mass,2019-08-07,13.25,NA,8
57,23038,8907,F,-/-,Body Weight,2019-08-07,17.3,NA,8
57,23038,8907,F,-/-,Total Fat Mass,2019-08-07,2.03,NA,8
57,23038,8907,F,-/-,Lean Mass,2019-08-07,13.76,NA,8
57,23039,8908,F,-/-,Body Weight,2019-08-07,18.4,NA,8
57,23039,8908,F,-/-,Total Fat Mass,2019-08-07,1.61,NA,8
57,23039,8908,F,-/-,Lean Mass,2019-08-07,15.08,NA,8
57,23040,8903,M,+/+,Body Weight,2019-08-07,20.3,NA,8
57,23040,8903,M,+/+,Total Fat Mass,2019-08-07,1.22,NA,8
57,23040,8903,M,+/+,Lean Mass,2019-08-07,17.44,NA,8
57,23041,8904,M,+/+,Body Weight,2019-08-07,20.1,NA,8
57,23041,8904,M,+/+,Total Fat Mass,2019-08-07,1.78,NA,8
57,23041,8904,M,+/+,Lean Mass,2019-08-07,16.68,NA,8
42,23116,8981,F,+/+,Body Weight,2019-08-07,18.1,NA,6
42,23116,8981,F,+/+,Total Fat Mass,2019-08-07,1.49,NA,6
42,23116,8981,F,+/+,Lean Mass,2019-08-07,15.02,NA,6
87,22619,8651,M,-/-,Body Weight,2019-08-12,23.5,NA,12
87,22619,8651,M,-/-,Total Fat Mass,2019-08-12,2.8,NA,12
87,22619,8651,M,-/-,Lean Mass,2019-08-12,18.59,NA,12
87,22620,8652,M,-/-,Body Weight,2019-08-12,24.4,NA,12
87,22620,8652,M,-/-,Total Fat Mass,2019-08-12,3.39,NA,12
87,22620,8652,M,-/-,Lean Mass,2019-08-12,18.93,NA,12
87,22621,8653,M,-/-,Body Weight,2019-08-12,24,NA,12
87,22621,8653,M,-/-,Total Fat Mass,2019-08-12,2.59,NA,12
87,22621,8653,M,-/-,Lean Mass,2019-08-12,19.51,NA,12
87,22622,8654,F,+/+,Body Weight,2019-08-12,20.5,NA,12
87,22622,8654,F,+/+,Total Fat Mass,2019-08-12,1.95,NA,12
87,22622,8654,F,+/+,Lean Mass,2019-08-12,16.42,NA,12
87,22623,8655,F,-/-,Body Weight,2019-08-12,19.7,NA,12
87,22623,8655,F,-/-,Total Fat Mass,2019-08-12,3.07,NA,12
87,22623,8655,F,-/-,Lean Mass,2019-08-12,14.82,NA,12
87,22624,8656,F,-/-,Body Weight,2019-08-12,20.4,NA,12
87,22624,8656,F,-/-,Total Fat Mass,2019-08-12,2.71,NA,12
87,22624,8656,F,-/-,Lean Mass,2019-08-12,15.65,NA,12
87,22627,8659,F,-/-,Body Weight,2019-08-12,21.2,NA,12
87,22627,8659,F,-/-,Total Fat Mass,2019-08-12,3.18,NA,12
87,22627,8659,F,-/-,Lean Mass,2019-08-12,15.87,NA,12
86,22629,8661,M,-/-,Body Weight,2019-08-12,23,NA,12
86,22629,8661,M,-/-,Total Fat Mass,2019-08-12,3.28,NA,12
86,22629,8661,M,-/-,Lean Mass,2019-08-12,18.07,NA,12
86,22630,8662,M,-/-,Body Weight,2019-08-12,23.9,NA,12
86,22630,8662,M,-/-,Total Fat Mass,2019-08-12,2.93,NA,12
86,22630,8662,M,-/-,Lean Mass,2019-08-12,18.85,NA,12
66,23034,8901,M,+/+,Total Fat Mass,2019-08-14,0.96,NA,9
66,23034,8901,M,+/+,Lean Mass,2019-08-14,16.54,NA,9
66,23034,8901,M,+/+,Body Weight,2019-08-14,19.1,NA,9
66,23035,8902,F,+/+,Total Fat Mass,2019-08-14,1.62,NA,9
66,23035,8902,F,+/+,Lean Mass,2019-08-14,13.25,NA,9
66,23035,8902,F,+/+,Body Weight,2019-08-14,16.8,NA,9
64,23036,8905,M,+/+,Total Fat Mass,2019-08-14,1.75,NA,9
64,23036,8905,M,+/+,Lean Mass,2019-08-14,20.52,NA,9
64,23036,8905,M,+/+,Body Weight,2019-08-14,24.4,NA,9
64,23037,8906,F,+/+,Total Fat Mass,2019-08-14,1.57,NA,9
64,23037,8906,F,+/+,Lean Mass,2019-08-14,13.57,NA,9
64,23037,8906,F,+/+,Body Weight,2019-08-14,17.1,NA,9
64,23038,8907,F,-/-,Total Fat Mass,2019-08-14,1.47,NA,9
64,23038,8907,F,-/-,Lean Mass,2019-08-14,13.94,NA,9
64,23038,8907,F,-/-,Body Weight,2019-08-14,17.4,NA,9
64,23039,8908,F,-/-,Total Fat Mass,2019-08-14,1.48,NA,9
64,23039,8908,F,-/-,Lean Mass,2019-08-14,15.78,NA,9
64,23039,8908,F,-/-,Body Weight,2019-08-14,19.1,NA,9
64,23040,8903,M,+/+,Total Fat Mass,2019-08-14,1.09,NA,9
64,23040,8903,M,+/+,Lean Mass,2019-08-14,17.95,NA,9
64,23040,8903,M,+/+,Body Weight,2019-08-14,21.1,NA,9
64,23041,8904,M,+/+,Total Fat Mass,2019-08-14,1.9,NA,9
64,23041,8904,M,+/+,Lean Mass,2019-08-14,17.76,NA,9
64,23041,8904,M,+/+,Body Weight,2019-08-14,21.5,NA,9
49,23116,8981,F,+/+,Total Fat Mass,2019-08-14,1.23,NA,7
49,23116,8981,F,+/+,Lean Mass,2019-08-14,16.09,NA,7
49,23116,8981,F,+/+,Body Weight,2019-08-14,19.4,NA,7
23,23300,9153,M,-/-,Total Fat Mass,2019-08-14,0.59,NA,3
23,23300,9153,M,-/-,Lean Mass,2019-08-14,7.74,NA,3
23,23300,9153,M,-/-,Body Weight,2019-08-14,9.1,NA,3
23,23301,9154,M,+/+,Total Fat Mass,2019-08-14,0.42,NA,3
23,23301,9154,M,+/+,Lean Mass,2019-08-14,5.77,NA,3
23,23301,9154,M,+/+,Body Weight,2019-08-14,7.1,NA,3
23,23303,9156,M,-/-,Total Fat Mass,2019-08-14,0.47,NA,3
23,23303,9156,M,-/-,Lean Mass,2019-08-14,7.04,NA,3
23,23303,9156,M,-/-,Body Weight,2019-08-14,8.4,NA,3
23,23305,9158,F,+/+,Total Fat Mass,2019-08-14,0.59,NA,3
23,23305,9158,F,+/+,Lean Mass,2019-08-14,6.85,NA,3
23,23305,9158,F,+/+,Body Weight,2019-08-14,8.4,NA,3
23,23306,9159,F,-/-,Total Fat Mass,2019-08-14,0.54,NA,3
23,23306,9159,F,-/-,Lean Mass,2019-08-14,7.92,NA,3
23,23306,9159,F,-/-,Body Weight,2019-08-14,9.4,NA,3
23,23307,9160,F,+/+,Total Fat Mass,2019-08-14,0.67,NA,3
23,23307,9160,F,+/+,Lean Mass,2019-08-14,8.02,NA,3
23,23307,9160,F,+/+,Body Weight,2019-08-14,9.7,NA,3
94,22619,8651,M,-/-,Total Fat Mass,2019-08-19,2.83,NA,13
94,22619,8651,M,-/-,Lean Mass,2019-08-19,18.65,NA,13
94,22619,8651,M,-/-,Body Weight,2019-08-19,23.3,NA,13
94,22620,8652,M,-/-,Total Fat Mass,2019-08-19,3.7,NA,13
94,22620,8652,M,-/-,Lean Mass,2019-08-19,19.04,NA,13
94,22620,8652,M,-/-,Body Weight,2019-08-19,24.6,NA,13
94,22621,8653,M,-/-,Total Fat Mass,2019-08-19,3.09,NA,13
94,22621,8653,M,-/-,Lean Mass,2019-08-19,19.28,NA,13
94,22621,8653,M,-/-,Body Weight,2019-08-19,24.3,NA,13
94,22622,8654,F,+/+,Total Fat Mass,2019-08-19,2.37,NA,13
94,22622,8654,F,+/+,Lean Mass,2019-08-19,16.64,NA,13
94,22622,8654,F,+/+,Body Weight,2019-08-19,20.8,NA,13
94,22623,8655,F,-/-,Total Fat Mass,2019-08-19,3.17,NA,13
94,22623,8655,F,-/-,Lean Mass,2019-08-19,15.15,NA,13
94,22623,8655,F,-/-,Body Weight,2019-08-19,20,NA,13
94,22624,8656,F,-/-,Total Fat Mass,2019-08-19,3.34,NA,13
94,22624,8656,F,-/-,Lean Mass,2019-08-19,15.64,NA,13
94,22624,8656,F,-/-,Body Weight,2019-08-19,21,NA,13
94,22627,8659,F,-/-,Total Fat Mass,2019-08-19,3.21,NA,13
94,22627,8659,F,-/-,Lean Mass,2019-08-19,15.99,NA,13
94,22627,8659,F,-/-,Body Weight,2019-08-19,21.6,NA,13
93,22629,8661,M,-/-,Total Fat Mass,2019-08-19,3.13,NA,13
93,22629,8661,M,-/-,Lean Mass,2019-08-19,18.06,NA,13
93,22629,8661,M,-/-,Body Weight,2019-08-19,23,NA,13
93,22630,8662,M,-/-,Total Fat Mass,2019-08-19,3.3,NA,13
93,22630,8662,M,-/-,Lean Mass,2019-08-19,18.95,NA,13
93,22630,8662,M,-/-,Body Weight,2019-08-19,24.2,NA,13
73,23034,8901,M,+/+,Body Weight,2019-08-21,19.3,NA,10
73,23034,8901,M,+/+,Total Fat Mass,2019-08-21,1.2,NA,10
73,23034,8901,M,+/+,Lean Mass,2019-08-21,16.49,NA,10
73,23035,8902,F,+/+,Body Weight,2019-08-21,17.1,NA,10
73,23035,8902,F,+/+,Total Fat Mass,2019-08-21,1.81,NA,10
73,23035,8902,F,+/+,Lean Mass,2019-08-21,13.7,NA,10
71,23036,8905,M,+/+,Body Weight,2019-08-21,24.7,NA,10
71,23036,8905,M,+/+,Total Fat Mass,2019-08-21,1.79,NA,10
71,23036,8905,M,+/+,Lean Mass,2019-08-21,21.22,NA,10
71,23037,8906,F,+/+,Body Weight,2019-08-21,17.5,NA,10
71,23037,8906,F,+/+,Total Fat Mass,2019-08-21,1.6,NA,10
71,23037,8906,F,+/+,Lean Mass,2019-08-21,14.06,NA,10
71,23038,8907,F,-/-,Body Weight,2019-08-21,17.8,NA,10
71,23038,8907,F,-/-,Total Fat Mass,2019-08-21,1.57,NA,10
71,23038,8907,F,-/-,Lean Mass,2019-08-21,14.42,NA,10
71,23039,8908,F,-/-,Body Weight,2019-08-21,18.9,NA,10
71,23039,8908,F,-/-,Total Fat Mass,2019-08-21,1.14,NA,10
71,23039,8908,F,-/-,Lean Mass,2019-08-21,16.1,NA,10
71,23040,8903,M,+/+,Body Weight,2019-08-21,21.1,NA,10
71,23040,8903,M,+/+,Total Fat Mass,2019-08-21,1.14,NA,10
71,23040,8903,M,+/+,Lean Mass,2019-08-21,18.34,NA,10
71,23041,8904,M,+/+,Body Weight,2019-08-21,21.9,NA,10
71,23041,8904,M,+/+,Total Fat Mass,2019-08-21,1.92,NA,10
71,23041,8904,M,+/+,Lean Mass,2019-08-21,18.42,NA,10
30,23300,9153,M,-/-,Body Weight,2019-08-21,14.9,NA,4
30,23300,9153,M,-/-,Total Fat Mass,2019-08-21,1.03,NA,4
30,23300,9153,M,-/-,Lean Mass,2019-08-21,12.55,NA,4
30,23301,9154,M,+/+,Body Weight,2019-08-21,9.2,NA,4
30,23301,9154,M,+/+,Total Fat Mass,2019-08-21,0.7,NA,4
30,23301,9154,M,+/+,Lean Mass,2019-08-21,7.49,NA,4
30,23303,9156,M,-/-,Body Weight,2019-08-21,12.6,NA,4
30,23303,9156,M,-/-,Total Fat Mass,2019-08-21,0.83,NA,4
30,23303,9156,M,-/-,Lean Mass,2019-08-21,10.62,NA,4
30,23305,9158,F,+/+,Body Weight,2019-08-21,12.7,NA,4
30,23305,9158,F,+/+,Total Fat Mass,2019-08-21,1.14,NA,4
30,23305,9158,F,+/+,Lean Mass,2019-08-21,10.34,NA,4
30,23307,9160,F,+/+,Body Weight,2019-08-21,14.6,NA,4
30,23307,9160,F,+/+,Total Fat Mass,2019-08-21,1.23,NA,4
30,23307,9160,F,+/+,Lean Mass,2019-08-21,12.03,NA,4
24,23338,9184,M,+/+,Body Weight,2019-08-21,8.6,NA,3
24,23338,9184,M,+/+,Total Fat Mass,2019-08-21,0.44,NA,3
24,23338,9184,M,+/+,Lean Mass,2019-08-21,7.11,NA,3
24,23339,9185,M,-/-,Body Weight,2019-08-21,9.3,NA,3
24,23339,9185,M,-/-,Total Fat Mass,2019-08-21,0.46,NA,3
24,23339,9185,M,-/-,Lean Mass,2019-08-21,7.79,NA,3
24,23340,9186,F,-/-,Body Weight,2019-08-21,9.1,NA,3
24,23340,9186,F,-/-,Total Fat Mass,2019-08-21,0.43,NA,3
24,23340,9186,F,-/-,Lean Mass,2019-08-21,7.68,NA,3
24,23342,9188,F,+/+,Body Weight,2019-08-21,9.2,NA,3
24,23342,9188,F,+/+,Total Fat Mass,2019-08-21,0.59,NA,3
24,23342,9188,F,+/+,Lean Mass,2019-08-21,7.45,NA,3
24,23343,9189,F,-/-,Body Weight,2019-08-21,8.3,NA,3
24,23343,9189,F,-/-,Total Fat Mass,2019-08-21,0.62,NA,3
24,23343,9189,F,-/-,Lean Mass,2019-08-21,6.76,NA,3
24,23344,9190,F,-/-,Body Weight,2019-08-21,7.9,NA,3
24,23344,9190,F,-/-,Total Fat Mass,2019-08-21,0.58,NA,3
24,23344,9190,F,-/-,Lean Mass,2019-08-21,6.39,NA,3
24,23345,9191,F,-/-,Body Weight,2019-08-21,8.2,NA,3
24,23345,9191,F,-/-,Total Fat Mass,2019-08-21,0.45,NA,3
24,23345,9191,F,-/-,Lean Mass,2019-08-21,6.77,NA,3
101,22619,8651,M,-/-,Body Weight,2019-08-26,24.7,NA,14
101,22619,8651,M,-/-,Total Fat Mass,2019-08-26,3.68,NA,14
101,22619,8651,M,-/-,Lean Mass,2019-08-26,18.96,NA,14
101,22620,8652,M,-/-,Body Weight,2019-08-26,26.5,NA,14
101,22620,8652,M,-/-,Total Fat Mass,2019-08-26,5.52,NA,14
101,22620,8652,M,-/-,Lean Mass,2019-08-26,19.5,NA,14
101,22621,8653,M,-/-,Body Weight,2019-08-26,25.7,NA,14
101,22621,8653,M,-/-,Total Fat Mass,2019-08-26,4.75,NA,14
101,22621,8653,M,-/-,Lean Mass,2019-08-26,18.14,NA,14
101,22622,8654,F,+/+,Body Weight,2019-08-26,21.6,NA,14
101,22622,8654,F,+/+,Total Fat Mass,2019-08-26,2.74,NA,14
101,22622,8654,F,+/+,Lean Mass,2019-08-26,17.22,NA,14
101,22623,8655,F,-/-,Body Weight,2019-08-26,21.2,NA,14
101,22623,8655,F,-/-,Total Fat Mass,2019-08-26,3.15,NA,14
101,22623,8655,F,-/-,Lean Mass,2019-08-26,15.72,NA,14
101,22624,8656,F,-/-,Body Weight,2019-08-26,21.4,NA,14
101,22624,8656,F,-/-,Total Fat Mass,2019-08-26,3.91,NA,14
101,22624,8656,F,-/-,Lean Mass,2019-08-26,15.59,NA,14
101,22627,8659,F,-/-,Body Weight,2019-08-26,22.6,NA,14
101,22627,8659,F,-/-,Total Fat Mass,2019-08-26,3.7,NA,14
101,22627,8659,F,-/-,Lean Mass,2019-08-26,16.56,NA,14
100,22629,8661,M,-/-,Body Weight,2019-08-26,24.7,NA,14
100,22629,8661,M,-/-,Total Fat Mass,2019-08-26,4.22,NA,14
100,22629,8661,M,-/-,Lean Mass,2019-08-26,18.46,NA,14
100,22630,8662,M,-/-,Body Weight,2019-08-26,25,NA,14
100,22630,8662,M,-/-,Total Fat Mass,2019-08-26,4.46,NA,14
100,22630,8662,M,-/-,Lean Mass,2019-08-26,18.29,NA,14
103,22619,8651,M,-/-,Body Weight,2019-08-28,25.2,NA,15
103,22619,8651,M,-/-,Total Fat Mass,2019-08-28,4.19,NA,15
103,22619,8651,M,-/-,Body Weight,2019-08-28,25.2,NA,15
103,22619,8651,M,-/-,Total Fat Mass,2019-08-28,4.19,NA,15
103,22619,8651,M,-/-,Lean Mass,2019-08-28,19.2,NA,15
103,22619,8651,M,-/-,Body Weight,2019-08-28,25.2,NA,15
103,22619,8651,M,-/-,Total Fat Mass,2019-08-28,4.19,NA,15
103,22619,8651,M,-/-,Lean Mass,2019-08-28,19.2,NA,15
103,22620,8652,M,-/-,Body Weight,2019-08-28,26.7,NA,15
103,22620,8652,M,-/-,Total Fat Mass,2019-08-28,5.03,NA,15
103,22620,8652,M,-/-,Body Weight,2019-08-28,26.7,NA,15
103,22620,8652,M,-/-,Total Fat Mass,2019-08-28,5.03,NA,15
103,22620,8652,M,-/-,Lean Mass,2019-08-28,20.02,NA,15
103,22620,8652,M,-/-,Body Weight,2019-08-28,26.7,NA,15
103,22620,8652,M,-/-,Total Fat Mass,2019-08-28,5.03,NA,15
103,22620,8652,M,-/-,Lean Mass,2019-08-28,20.02,NA,15
103,22621,8653,M,-/-,Body Weight,2019-08-28,26.6,NA,15
103,22621,8653,M,-/-,Total Fat Mass,2019-08-28,4.54,NA,15
103,22621,8653,M,-/-,Body Weight,2019-08-28,26.6,NA,15
103,22621,8653,M,-/-,Total Fat Mass,2019-08-28,4.54,NA,15
103,22621,8653,M,-/-,Lean Mass,2019-08-28,19.95,NA,15
103,22621,8653,M,-/-,Body Weight,2019-08-28,26.6,NA,15
103,22621,8653,M,-/-,Total Fat Mass,2019-08-28,4.54,NA,15
103,22621,8653,M,-/-,Lean Mass,2019-08-28,19.95,NA,15
103,22622,8654,F,+/+,Body Weight,2019-08-28,21.4,NA,15
103,22622,8654,F,+/+,Total Fat Mass,2019-08-28,2.53,NA,15
103,22622,8654,F,+/+,Body Weight,2019-08-28,21.4,NA,15
103,22622,8654,F,+/+,Total Fat Mass,2019-08-28,2.53,NA,15
103,22622,8654,F,+/+,Lean Mass,2019-08-28,17.15,NA,15
103,22622,8654,F,+/+,Body Weight,2019-08-28,21.4,NA,15
103,22622,8654,F,+/+,Total Fat Mass,2019-08-28,2.53,NA,15
103,22622,8654,F,+/+,Lean Mass,2019-08-28,17.15,NA,15
103,22623,8655,F,-/-,Body Weight,2019-08-28,20.7,NA,15
103,22623,8655,F,-/-,Total Fat Mass,2019-08-28,3.08,NA,15
103,22623,8655,F,-/-,Body Weight,2019-08-28,20.7,NA,15
103,22623,8655,F,-/-,Total Fat Mass,2019-08-28,3.08,NA,15
103,22623,8655,F,-/-,Lean Mass,2019-08-28,16.1,NA,15
103,22623,8655,F,-/-,Body Weight,2019-08-28,20.7,NA,15
103,22623,8655,F,-/-,Total Fat Mass,2019-08-28,3.08,NA,15
103,22623,8655,F,-/-,Lean Mass,2019-08-28,16.1,NA,15
103,22624,8656,F,-/-,Body Weight,2019-08-28,21.5,NA,15
103,22624,8656,F,-/-,Total Fat Mass,2019-08-28,3.81,NA,15
103,22624,8656,F,-/-,Body Weight,2019-08-28,21.5,NA,15
103,22624,8656,F,-/-,Total Fat Mass,2019-08-28,3.81,NA,15
103,22624,8656,F,-/-,Lean Mass,2019-08-28,15.82,NA,15
103,22624,8656,F,-/-,Body Weight,2019-08-28,21.5,NA,15
103,22624,8656,F,-/-,Total Fat Mass,2019-08-28,3.81,NA,15
103,22624,8656,F,-/-,Lean Mass,2019-08-28,15.82,NA,15
103,22627,8659,F,-/-,Body Weight,2019-08-28,22.2,NA,15
103,22627,8659,F,-/-,Total Fat Mass,2019-08-28,3.62,NA,15
103,22627,8659,F,-/-,Body Weight,2019-08-28,22.2,NA,15
103,22627,8659,F,-/-,Total Fat Mass,2019-08-28,3.62,NA,15
103,22627,8659,F,-/-,Lean Mass,2019-08-28,16.64,NA,15
103,22627,8659,F,-/-,Body Weight,2019-08-28,22.2,NA,15
103,22627,8659,F,-/-,Total Fat Mass,2019-08-28,3.62,NA,15
103,22627,8659,F,-/-,Lean Mass,2019-08-28,16.64,NA,15
102,22629,8661,M,-/-,Body Weight,2019-08-28,25.5,NA,15
102,22629,8661,M,-/-,Total Fat Mass,2019-08-28,4.47,NA,15
102,22629,8661,M,-/-,Body Weight,2019-08-28,25.5,NA,15
102,22629,8661,M,-/-,Total Fat Mass,2019-08-28,4.47,NA,15
102,22629,8661,M,-/-,Lean Mass,2019-08-28,19.23,NA,15
102,22629,8661,M,-/-,Body Weight,2019-08-28,25.5,NA,15
102,22629,8661,M,-/-,Total Fat Mass,2019-08-28,4.47,NA,15
102,22629,8661,M,-/-,Lean Mass,2019-08-28,19.23,NA,15
102,22630,8662,M,-/-,Body Weight,2019-08-28,25.3,NA,15
102,22630,8662,M,-/-,Total Fat Mass,2019-08-28,3.99,NA,15
102,22630,8662,M,-/-,Body Weight,2019-08-28,25.3,NA,15
102,22630,8662,M,-/-,Total Fat Mass,2019-08-28,3.99,NA,15
102,22630,8662,M,-/-,Lean Mass,2019-08-28,19.83,NA,15
102,22630,8662,M,-/-,Body Weight,2019-08-28,25.3,NA,15
102,22630,8662,M,-/-,Total Fat Mass,2019-08-28,3.99,NA,15
102,22630,8662,M,-/-,Lean Mass,2019-08-28,19.83,NA,15
80,23034,8901,M,+/+,Body Weight,2019-08-28,19.6,NA,11
80,23034,8901,M,+/+,Total Fat Mass,2019-08-28,1.33,NA,11
80,23034,8901,M,+/+,Body Weight,2019-08-28,19.6,NA,11
80,23034,8901,M,+/+,Total Fat Mass,2019-08-28,1.33,NA,11
80,23034,8901,M,+/+,Lean Mass,2019-08-28,15.97,NA,11
80,23034,8901,M,+/+,Body Weight,2019-08-28,19.6,NA,11
80,23034,8901,M,+/+,Plasma Glucose,2019-08-28,NA,NA,11
80,23034,8901,M,+/+,Total Fat Mass,2019-08-28,1.33,NA,11
80,23034,8901,M,+/+,Lean Mass,2019-08-28,15.97,NA,11
80,23034,8901,M,+/+,Plasma Glucose,2019-08-28,NA,NA,11
80,23035,8902,F,+/+,Body Weight,2019-08-28,17.8,NA,11
80,23035,8902,F,+/+,Total Fat Mass,2019-08-28,2.12,NA,11
80,23035,8902,F,+/+,Body Weight,2019-08-28,17.8,NA,11
80,23035,8902,F,+/+,Total Fat Mass,2019-08-28,2.12,NA,11
80,23035,8902,F,+/+,Lean Mass,2019-08-28,14.05,NA,11
80,23035,8902,F,+/+,Body Weight,2019-08-28,17.8,NA,11
80,23035,8902,F,+/+,Plasma Glucose,2019-08-28,NA,NA,11
80,23035,8902,F,+/+,Total Fat Mass,2019-08-28,2.12,NA,11
80,23035,8902,F,+/+,Lean Mass,2019-08-28,14.05,NA,11
78,23036,8905,M,+/+,Body Weight,2019-08-28,26.2,NA,11
78,23036,8905,M,+/+,Total Fat Mass,2019-08-28,3.46,NA,11
78,23036,8905,M,+/+,Body Weight,2019-08-28,26.2,NA,11
78,23036,8905,M,+/+,Total Fat Mass,2019-08-28,3.46,NA,11
78,23036,8905,M,+/+,Lean Mass,2019-08-28,20.29,NA,11
78,23036,8905,M,+/+,Body Weight,2019-08-28,26.2,NA,11
78,23036,8905,M,+/+,Plasma Glucose,2019-08-28,NA,NA,11
78,23036,8905,M,+/+,Total Fat Mass,2019-08-28,3.46,NA,11
78,23036,8905,M,+/+,Lean Mass,2019-08-28,20.29,NA,11
78,23037,8906,F,+/+,Body Weight,2019-08-28,18.4,NA,11
78,23037,8906,F,+/+,Total Fat Mass,2019-08-28,1.95,NA,11
78,23037,8906,F,+/+,Body Weight,2019-08-28,18.4,NA,11
78,23037,8906,F,+/+,Total Fat Mass,2019-08-28,1.95,NA,11
78,23037,8906,F,+/+,Lean Mass,2019-08-28,14.7,NA,11
78,23037,8906,F,+/+,Body Weight,2019-08-28,18.4,NA,11
78,23037,8906,F,+/+,Plasma Glucose,2019-08-28,NA,NA,11
78,23037,8906,F,+/+,Total Fat Mass,2019-08-28,1.95,NA,11
78,23037,8906,F,+/+,Lean Mass,2019-08-28,14.7,NA,11
78,23038,8907,F,-/-,Body Weight,2019-08-28,18.8,NA,11
78,23038,8907,F,-/-,Total Fat Mass,2019-08-28,2.44,NA,11
78,23038,8907,F,-/-,Body Weight,2019-08-28,18.8,NA,11
78,23038,8907,F,-/-,Total Fat Mass,2019-08-28,2.44,NA,11
78,23038,8907,F,-/-,Lean Mass,2019-08-28,14.49,NA,11
78,23038,8907,F,-/-,Body Weight,2019-08-28,18.8,NA,11
78,23038,8907,F,-/-,Plasma Glucose,2019-08-28,NA,NA,11
78,23038,8907,F,-/-,Total Fat Mass,2019-08-28,2.44,NA,11
78,23038,8907,F,-/-,Lean Mass,2019-08-28,14.49,NA,11
78,23039,8908,F,-/-,Body Weight,2019-08-28,19.7,NA,11
78,23039,8908,F,-/-,Total Fat Mass,2019-08-28,2.21,NA,11
78,23039,8908,F,-/-,Body Weight,2019-08-28,19.7,NA,11
78,23039,8908,F,-/-,Total Fat Mass,2019-08-28,2.21,NA,11
78,23039,8908,F,-/-,Lean Mass,2019-08-28,15.53,NA,11
78,23039,8908,F,-/-,Body Weight,2019-08-28,19.7,NA,11
78,23039,8908,F,-/-,Plasma Glucose,2019-08-28,NA,NA,11
78,23039,8908,F,-/-,Total Fat Mass,2019-08-28,2.21,NA,11
78,23039,8908,F,-/-,Lean Mass,2019-08-28,15.53,NA,11
78,23040,8903,M,+/+,Body Weight,2019-08-28,21.6,NA,11
78,23040,8903,M,+/+,Total Fat Mass,2019-08-28,2.21,NA,11
78,23040,8903,M,+/+,Body Weight,2019-08-28,21.6,NA,11
78,23040,8903,M,+/+,Total Fat Mass,2019-08-28,2.21,NA,11
78,23040,8903,M,+/+,Lean Mass,2019-08-28,17.77,NA,11
78,23040,8903,M,+/+,Body Weight,2019-08-28,21.6,NA,11
78,23040,8903,M,+/+,Plasma Glucose,2019-08-28,NA,NA,11
78,23040,8903,M,+/+,Total Fat Mass,2019-08-28,2.21,NA,11
78,23040,8903,M,+/+,Lean Mass,2019-08-28,17.77,NA,11
78,23041,8904,M,+/+,Body Weight,2019-08-28,23.5,NA,11
78,23041,8904,M,+/+,Total Fat Mass,2019-08-28,3.42,NA,11
78,23041,8904,M,+/+,Body Weight,2019-08-28,23.5,NA,11
78,23041,8904,M,+/+,Total Fat Mass,2019-08-28,3.42,NA,11
78,23041,8904,M,+/+,Lean Mass,2019-08-28,17.97,NA,11
78,23041,8904,M,+/+,Body Weight,2019-08-28,23.5,NA,11
78,23041,8904,M,+/+,Plasma Glucose,2019-08-28,NA,NA,11
78,23041,8904,M,+/+,Total Fat Mass,2019-08-28,3.42,NA,11
78,23041,8904,M,+/+,Lean Mass,2019-08-28,17.97,NA,11
37,23300,9153,M,-/-,Body Weight,2019-08-28,18.9,NA,5
37,23300,9153,M,-/-,Total Fat Mass,2019-08-28,1.56,NA,5
37,23300,9153,M,-/-,Body Weight,2019-08-28,18.9,NA,5
37,23300,9153,M,-/-,Total Fat Mass,2019-08-28,1.56,NA,5
37,23300,9153,M,-/-,Lean Mass,2019-08-28,15.54,NA,5
37,23300,9153,M,-/-,Body Weight,2019-08-28,18.9,NA,5
37,23300,9153,M,-/-,Total Fat Mass,2019-08-28,1.56,NA,5
37,23300,9153,M,-/-,Lean Mass,2019-08-28,15.54,NA,5
37,23301,9154,M,+/+,Body Weight,2019-08-28,12.7,NA,5
37,23301,9154,M,+/+,Total Fat Mass,2019-08-28,0.93,NA,5
37,23301,9154,M,+/+,Body Weight,2019-08-28,12.7,NA,5
37,23301,9154,M,+/+,Total Fat Mass,2019-08-28,0.93,NA,5
37,23301,9154,M,+/+,Lean Mass,2019-08-28,10.42,NA,5
37,23301,9154,M,+/+,Body Weight,2019-08-28,12.7,NA,5
37,23301,9154,M,+/+,Total Fat Mass,2019-08-28,0.93,NA,5
37,23301,9154,M,+/+,Lean Mass,2019-08-28,10.42,NA,5
37,23303,9156,M,-/-,Body Weight,2019-08-28,16.8,NA,5
37,23303,9156,M,-/-,Total Fat Mass,2019-08-28,1.68,NA,5
37,23303,9156,M,-/-,Body Weight,2019-08-28,16.8,NA,5
37,23303,9156,M,-/-,Total Fat Mass,2019-08-28,1.5,NA,5
37,23303,9156,M,-/-,Lean Mass,2019-08-28,13.8,NA,5
37,23303,9156,M,-/-,Body Weight,2019-08-28,16.8,NA,5
37,23303,9156,M,-/-,Total Fat Mass,2019-08-28,1.5,NA,5
37,23303,9156,M,-/-,Lean Mass,2019-08-28,13.8,NA,5
37,23305,9158,F,+/+,Body Weight,2019-08-28,16.4,NA,5
37,23305,9158,F,+/+,Total Fat Mass,2019-08-28,1.73,NA,5
37,23305,9158,F,+/+,Body Weight,2019-08-28,16.4,NA,5
37,23305,9158,F,+/+,Total Fat Mass,2019-08-28,1.73,NA,5
37,23305,9158,F,+/+,Lean Mass,2019-08-28,13.23,NA,5
37,23305,9158,F,+/+,Body Weight,2019-08-28,16.4,NA,5
37,23305,9158,F,+/+,Total Fat Mass,2019-08-28,1.73,NA,5
37,23305,9158,F,+/+,Lean Mass,2019-08-28,13.23,NA,5
37,23306,9159,F,-/-,Body Weight,2019-08-28,14.4,NA,5
37,23306,9159,F,-/-,Total Fat Mass,2019-08-28,1.76,NA,5
37,23306,9159,F,-/-,Body Weight,2019-08-28,14.4,NA,5
37,23306,9159,F,-/-,Total Fat Mass,2019-08-28,1.76,NA,5
37,23306,9159,F,-/-,Lean Mass,2019-08-28,11.62,NA,5
37,23306,9159,F,-/-,Body Weight,2019-08-28,14.4,NA,5
37,23306,9159,F,-/-,Total Fat Mass,2019-08-28,1.76,NA,5
37,23306,9159,F,-/-,Lean Mass,2019-08-28,11.62,NA,5
37,23307,9160,F,+/+,Body Weight,2019-08-28,17,NA,5
37,23307,9160,F,+/+,Total Fat Mass,2019-08-28,1.47,NA,5
37,23307,9160,F,+/+,Body Weight,2019-08-28,17,NA,5
37,23307,9160,F,+/+,Total Fat Mass,2019-08-28,1.47,NA,5
37,23307,9160,F,+/+,Lean Mass,2019-08-28,14.2,NA,5
37,23307,9160,F,+/+,Body Weight,2019-08-28,17,NA,5
37,23307,9160,F,+/+,Total Fat Mass,2019-08-28,1.47,NA,5
37,23307,9160,F,+/+,Lean Mass,2019-08-28,14.2,NA,5
31,23338,9184,M,+/+,Body Weight,2019-08-28,14.7,NA,4
31,23338,9184,M,+/+,Total Fat Mass,2019-08-28,1,NA,4
31,23338,9184,M,+/+,Body Weight,2019-08-28,14.7,NA,4
31,23338,9184,M,+/+,Total Fat Mass,2019-08-28,1,NA,4
31,23338,9184,M,+/+,Lean Mass,2019-08-28,12.78,NA,4
31,23338,9184,M,+/+,Body Weight,2019-08-28,14.7,NA,4
31,23338,9184,M,+/+,Total Fat Mass,2019-08-28,1,NA,4
31,23338,9184,M,+/+,Lean Mass,2019-08-28,12.78,NA,4
31,23339,9185,M,-/-,Body Weight,2019-08-28,14.5,NA,4
31,23339,9185,M,-/-,Total Fat Mass,2019-08-28,0.95,NA,4
31,23339,9185,M,-/-,Body Weight,2019-08-28,14.5,NA,4
31,23339,9185,M,-/-,Total Fat Mass,2019-08-28,0.95,NA,4
31,23339,9185,M,-/-,Lean Mass,2019-08-28,12.46,NA,4
31,23339,9185,M,-/-,Body Weight,2019-08-28,14.5,NA,4
31,23339,9185,M,-/-,Total Fat Mass,2019-08-28,0.95,NA,4
31,23339,9185,M,-/-,Lean Mass,2019-08-28,12.46,NA,4
31,23340,9186,F,-/-,Body Weight,2019-08-28,14,NA,4
31,23340,9186,F,-/-,Total Fat Mass,2019-08-28,1.1,NA,4
31,23340,9186,F,-/-,Body Weight,2019-08-28,14,NA,4
31,23340,9186,F,-/-,Total Fat Mass,2019-08-28,1.1,NA,4
31,23340,9186,F,-/-,Lean Mass,2019-08-28,11.65,NA,4
31,23340,9186,F,-/-,Body Weight,2019-08-28,14,NA,4
31,23340,9186,F,-/-,Total Fat Mass,2019-08-28,1.1,NA,4
31,23340,9186,F,-/-,Lean Mass,2019-08-28,11.65,NA,4
31,23342,9188,F,+/+,Body Weight,2019-08-28,13,NA,4
31,23342,9188,F,+/+,Total Fat Mass,2019-08-28,0.447,NA,4
31,23342,9188,F,+/+,Total Fat Mass,2019-08-28,1.04,NA,4
31,23342,9188,F,+/+,Body Weight,2019-08-28,13,NA,4
31,23342,9188,F,+/+,Total Fat Mass,2019-08-28,1.04,NA,4
31,23342,9188,F,+/+,Lean Mass,2019-08-28,10.92,NA,4
31,23342,9188,F,+/+,Body Weight,2019-08-28,13,NA,4
31,23342,9188,F,+/+,Total Fat Mass,2019-08-28,1.04,NA,4
31,23342,9188,F,+/+,Lean Mass,2019-08-28,10.92,NA,4
31,23343,9189,F,-/-,Body Weight,2019-08-28,12.3,NA,4
31,23343,9189,F,-/-,Total Fat Mass,2019-08-28,0.95,NA,4
31,23343,9189,F,-/-,Body Weight,2019-08-28,12.3,NA,4
31,23343,9189,F,-/-,Total Fat Mass,2019-08-28,0.95,NA,4
31,23343,9189,F,-/-,Lean Mass,2019-08-28,10.22,NA,4
31,23343,9189,F,-/-,Body Weight,2019-08-28,12.3,NA,4
31,23343,9189,F,-/-,Total Fat Mass,2019-08-28,0.95,NA,4
31,23343,9189,F,-/-,Lean Mass,2019-08-28,10.22,NA,4
31,23344,9190,F,-/-,Body Weight,2019-08-28,11.7,NA,4
31,23344,9190,F,-/-,Total Fat Mass,2019-08-28,0.83,NA,4
31,23344,9190,F,-/-,Body Weight,2019-08-28,11.7,NA,4
31,23344,9190,F,-/-,Total Fat Mass,2019-08-28,0.83,NA,4
31,23344,9190,F,-/-,Lean Mass,2019-08-28,9.85,NA,4
31,23344,9190,F,-/-,Body Weight,2019-08-28,11.7,NA,4
31,23344,9190,F,-/-,Total Fat Mass,2019-08-28,0.83,NA,4
31,23344,9190,F,-/-,Lean Mass,2019-08-28,9.85,NA,4
31,23345,9191,F,-/-,Body Weight,2019-08-28,12.4,NA,4
31,23345,9191,F,-/-,Total Fat Mass,2019-08-28,1.06,NA,4
31,23345,9191,F,-/-,Body Weight,2019-08-28,12.4,NA,4
31,23345,9191,F,-/-,Total Fat Mass,2019-08-28,1.06,NA,4
31,23345,9191,F,-/-,Lean Mass,2019-08-28,10.6,NA,4
31,23345,9191,F,-/-,Body Weight,2019-08-28,12.4,NA,4
31,23345,9191,F,-/-,Total Fat Mass,2019-08-28,1.06,NA,4
31,23345,9191,F,-/-,Lean Mass,2019-08-28,10.6,NA,4
87,23034,8901,M,+/+,Body Weight,2019-09-04,19.5,NA,12
87,23034,8901,M,+/+,Total Fat Mass,2019-09-04,1.22,NA,12
87,23034,8901,M,+/+,Lean Mass,2019-09-04,16.61,NA,12
87,23035,8902,F,+/+,Body Weight,2019-09-04,17.9,NA,12
87,23035,8902,F,+/+,Total Fat Mass,2019-09-04,2.18,NA,12
87,23035,8902,F,+/+,Lean Mass,2019-09-04,14.16,NA,12
85,23036,8905,M,+/+,Body Weight,2019-09-04,25.9,NA,12
85,23036,8905,M,+/+,Total Fat Mass,2019-09-04,3.37,NA,12
85,23036,8905,M,+/+,Lean Mass,2019-09-04,20.04,NA,12
85,23037,8906,F,+/+,Body Weight,2019-09-04,19,NA,12
85,23037,8906,F,+/+,Total Fat Mass,2019-09-04,2.17,NA,12
85,23037,8906,F,+/+,Lean Mass,2019-09-04,15.08,NA,12
85,23038,8907,F,-/-,Body Weight,2019-09-04,19.1,NA,12
85,23038,8907,F,-/-,Total Fat Mass,2019-09-04,2.63,NA,12
85,23038,8907,F,-/-,Lean Mass,2019-09-04,14.68,NA,12
85,23039,8908,F,-/-,Body Weight,2019-09-04,20.3,NA,12
85,23039,8908,F,-/-,Total Fat Mass,2019-09-04,2.8,NA,12
85,23039,8908,F,-/-,Lean Mass,2019-09-04,15.81,NA,12
85,23040,8903,M,+/+,Body Weight,2019-09-04,21.9,NA,12
85,23040,8903,M,+/+,Total Fat Mass,2019-09-04,2.57,NA,12
85,23040,8903,M,+/+,Lean Mass,2019-09-04,17.44,NA,12
85,23041,8904,M,+/+,Body Weight,2019-09-04,23.7,NA,12
85,23041,8904,M,+/+,Total Fat Mass,2019-09-04,4.07,NA,12
85,23041,8904,M,+/+,Lean Mass,2019-09-04,17.84,NA,12
44,23300,9153,M,-/-,Body Weight,2019-09-04,19.6,NA,6
44,23300,9153,M,-/-,Total Fat Mass,2019-09-04,1.41,NA,6
44,23300,9153,M,-/-,Lean Mass,2019-09-04,16.45,NA,6
44,23301,9154,M,+/+,Body Weight,2019-09-04,16.3,NA,6
44,23301,9154,M,+/+,Total Fat Mass,2019-09-04,1.2,NA,6
44,23301,9154,M,+/+,Lean Mass,2019-09-04,13.3,NA,6
44,23303,9156,M,-/-,Body Weight,2019-09-04,18.5,NA,6
44,23303,9156,M,-/-,Total Fat Mass,2019-09-04,1.57,NA,6
44,23303,9156,M,-/-,Lean Mass,2019-09-04,15.26,NA,6
44,23305,9158,F,+/+,Body Weight,2019-09-04,17.4,NA,6
44,23305,9158,F,+/+,Total Fat Mass,2019-09-04,1.43,NA,6
44,23305,9158,F,+/+,Lean Mass,2019-09-04,14.54,NA,6
44,23306,9159,F,-/-,Body Weight,2019-09-04,16.1,NA,6
44,23306,9159,F,-/-,Total Fat Mass,2019-09-04,1.67,NA,6
44,23306,9159,F,-/-,Lean Mass,2019-09-04,12.99,NA,6
44,23307,9160,F,+/+,Body Weight,2019-09-04,18,NA,6
44,23307,9160,F,+/+,Total Fat Mass,2019-09-04,1.3,NA,6
44,23307,9160,F,+/+,Lean Mass,2019-09-04,14.78,NA,6
38,23338,9184,M,+/+,Body Weight,2019-09-04,20.2,NA,5
38,23338,9184,M,+/+,Total Fat Mass,2019-09-04,1.35,NA,5
38,23338,9184,M,+/+,Lean Mass,2019-09-04,17.43,NA,5
38,23339,9185,M,-/-,Body Weight,2019-09-04,19.4,NA,5
38,23339,9185,M,-/-,Total Fat Mass,2019-09-04,1.34,NA,5
38,23339,9185,M,-/-,Lean Mass,2019-09-04,16.42,NA,5
38,23340,9186,F,-/-,Body Weight,2019-09-04,16.6,NA,5
38,23340,9186,F,-/-,Total Fat Mass,2019-09-04,1.43,NA,5
38,23340,9186,F,-/-,Lean Mass,2019-09-04,13.79,NA,5
38,23343,9189,F,-/-,Body Weight,2019-09-04,15,NA,5
38,23343,9189,F,-/-,Total Fat Mass,2019-09-04,1.31,NA,5
38,23343,9189,F,-/-,Lean Mass,2019-09-04,12.58,NA,5
38,23344,9190,F,-/-,Body Weight,2019-09-04,14.6,NA,5
38,23344,9190,F,-/-,Total Fat Mass,2019-09-04,1.1,NA,5
38,23344,9190,F,-/-,Lean Mass,2019-09-04,12.16,NA,5
38,23345,9191,F,-/-,Body Weight,2019-09-04,15.5,NA,5
38,23345,9191,F,-/-,Total Fat Mass,2019-09-04,1.17,NA,5
38,23345,9191,F,-/-,Lean Mass,2019-09-04,12.97,NA,5
23,23486,9329,M,+/+,Body Weight,2019-09-04,7.6,NA,3
23,23486,9329,M,+/+,Total Fat Mass,2019-09-04,0.41,NA,3
23,23486,9329,M,+/+,Lean Mass,2019-09-04,6.34,NA,3
23,23492,9335,F,+/+,Body Weight,2019-09-04,6.7,NA,3
23,23492,9335,F,+/+,Total Fat Mass,2019-09-04,0.47,NA,3
23,23492,9335,F,+/+,Lean Mass,2019-09-04,5.78,NA,3
28,23493,9336,F,-/-,Body Weight,2019-09-04,8.7,NA,4
28,23493,9336,F,-/-,Total Fat Mass,2019-09-04,0.62,NA,4
28,23493,9336,F,-/-,Lean Mass,2019-09-04,7.54,NA,4
26,23494,9337,M,-/-,Body Weight,2019-09-04,10.9,NA,4
26,23494,9337,M,-/-,Total Fat Mass,2019-09-04,1,NA,4
26,23494,9337,M,-/-,Lean Mass,2019-09-04,9,NA,4
94,23034,8901,M,+/+,Body Weight,2019-09-11,20,NA,13
94,23034,8901,M,+/+,Total Fat Mass,2019-09-11,1.13,NA,13
94,23034,8901,M,+/+,Lean Mass,2019-09-11,16.89,NA,13
94,23035,8902,F,+/+,Body Weight,2019-09-11,18.1,NA,13
94,23035,8902,F,+/+,Total Fat Mass,2019-09-11,1.63,NA,13
94,23035,8902,F,+/+,Lean Mass,2019-09-11,14.73,NA,13
92,23036,8905,M,+/+,Body Weight,2019-09-11,25.9,NA,13
92,23036,8905,M,+/+,Total Fat Mass,2019-09-11,3.38,NA,13
92,23036,8905,M,+/+,Lean Mass,2019-09-11,20.15,NA,13
92,23037,8906,F,+/+,Body Weight,2019-09-11,19,NA,13
92,23037,8906,F,+/+,Total Fat Mass,2019-09-11,2.27,NA,13
92,23037,8906,F,+/+,Lean Mass,2019-09-11,14.96,NA,13
92,23038,8907,F,-/-,Body Weight,2019-09-11,18.9,NA,13
92,23038,8907,F,-/-,Total Fat Mass,2019-09-11,2.73,NA,13
92,23038,8907,F,-/-,Lean Mass,2019-09-11,14.65,NA,13
92,23039,8908,F,-/-,Body Weight,2019-09-11,20,NA,13
92,23039,8908,F,-/-,Total Fat Mass,2019-09-11,2.29,NA,13
92,23039,8908,F,-/-,Lean Mass,2019-09-11,15.81,NA,13
92,23040,8903,M,+/+,Body Weight,2019-09-11,21.8,NA,13
92,23040,8903,M,+/+,Total Fat Mass,2019-09-11,2.37,NA,13
92,23041,8904,M,+/+,Body Weight,2019-09-11,24.1,NA,13
92,23041,8904,M,+/+,Total Fat Mass,2019-09-11,4.11,NA,13
92,23041,8904,M,+/+,Lean Mass,2019-09-11,18.39,NA,13
51,23300,9153,M,-/-,Body Weight,2019-09-11,21.3,NA,7
51,23300,9153,M,-/-,Total Fat Mass,2019-09-11,1.26,NA,7
51,23300,9153,M,-/-,Lean Mass,2019-09-11,17.69,NA,7
51,23301,9154,M,+/+,Body Weight,2019-09-11,18.1,NA,7
51,23301,9154,M,+/+,Total Fat Mass,2019-09-11,1.18,NA,7
51,23301,9154,M,+/+,Lean Mass,2019-09-11,14.99,NA,7
51,23303,9156,M,-/-,Body Weight,2019-09-11,21,NA,7
51,23303,9156,M,-/-,Total Fat Mass,2019-09-11,1.58,NA,7
51,23303,9156,M,-/-,Lean Mass,2019-09-11,17.58,NA,7
51,23305,9158,F,+/+,Body Weight,2019-09-11,18.6,NA,7
51,23305,9158,F,+/+,Total Fat Mass,2019-09-11,1.39,NA,7
51,23305,9158,F,+/+,Lean Mass,2019-09-11,15.34,NA,7
51,23306,9159,F,-/-,Body Weight,2019-09-11,17.8,NA,7
51,23306,9159,F,-/-,Total Fat Mass,2019-09-11,1.71,NA,7
51,23306,9159,F,-/-,Lean Mass,2019-09-11,14.43,NA,7
51,23307,9160,F,+/+,Body Weight,2019-09-11,18.3,NA,7
51,23307,9160,F,+/+,Total Fat Mass,2019-09-11,1.39,NA,7
51,23307,9160,F,+/+,Lean Mass,2019-09-11,15.17,NA,7
45,23338,9184,M,+/+,Body Weight,2019-09-11,20.9,NA,6
45,23338,9184,M,+/+,Total Fat Mass,2019-09-11,0.99,NA,6
45,23338,9184,M,+/+,Lean Mass,2019-09-11,18.49,NA,6
45,23339,9185,M,-/-,Body Weight,2019-09-11,19.8,NA,6
45,23339,9185,M,-/-,Total Fat Mass,2019-09-11,1.65,NA,6
45,23340,9186,F,-/-,Body Weight,2019-09-11,17.5,NA,6
45,23340,9186,F,-/-,Total Fat Mass,2019-09-11,1.39,NA,6
45,23340,9186,F,-/-,Lean Mass,2019-09-11,14.36,NA,6
45,23342,9188,F,+/+,Body Weight,2019-09-11,16,NA,6
45,23342,9188,F,+/+,Total Fat Mass,2019-09-11,1.62,NA,6
45,23342,9188,F,+/+,Lean Mass,2019-09-11,13,NA,6
45,23343,9189,F,-/-,Body Weight,2019-09-11,15.9,NA,6
45,23343,9189,F,-/-,Total Fat Mass,2019-09-11,1.3,NA,6
45,23344,9190,F,-/-,Body Weight,2019-09-11,15.3,NA,6
45,23344,9190,F,-/-,Total Fat Mass,2019-09-11,0.86,NA,6
45,23344,9190,F,-/-,Lean Mass,2019-09-11,12.92,NA,6
45,23345,9191,F,-/-,Body Weight,2019-09-11,16.2,NA,6
45,23345,9191,F,-/-,Total Fat Mass,2019-09-11,1.39,NA,6
45,23345,9191,F,-/-,Lean Mass,2019-09-11,13.21,NA,6
30,23486,9329,M,+/+,Body Weight,2019-09-11,11.6,NA,4
30,23486,9329,M,+/+,Total Fat Mass,2019-09-11,1.02,NA,4
30,23486,9329,M,+/+,Lean Mass,2019-09-11,9.76,NA,4
30,23492,9335,F,+/+,Body Weight,2019-09-11,9.6,NA,4
30,23492,9335,F,+/+,Total Fat Mass,2019-09-11,0.59,NA,4
30,23492,9335,F,+/+,Lean Mass,2019-09-11,8.45,NA,4
35,23493,9336,F,-/-,Body Weight,2019-09-11,13.2,NA,5
35,23493,9336,F,-/-,Total Fat Mass,2019-09-11,1.25,NA,5
35,23493,9336,F,-/-,Lean Mass,2019-09-11,10.8,NA,5
33,23494,9337,M,-/-,Body Weight,2019-09-11,17,NA,5
33,23494,9337,M,-/-,Total Fat Mass,2019-09-11,1.59,NA,5
33,23494,9337,M,-/-,Lean Mass,2019-09-11,14.05,NA,5
101,23034,8901,M,+/+,Body Weight,2019-09-18,20.3,NA,14
101,23034,8901,M,+/+,Total Fat Mass,2019-09-18,1.24,NA,14
101,23034,8901,M,+/+,Lean Mass,2019-09-18,17.42,NA,14
101,23035,8902,F,+/+,Body Weight,2019-09-18,18.5,NA,14
101,23035,8902,F,+/+,Total Fat Mass,2019-09-18,2.04,NA,14
101,23035,8902,F,+/+,Lean Mass,2019-09-18,14.4,NA,14
99,23036,8905,M,+/+,Body Weight,2019-09-18,27.4,NA,14
99,23036,8905,M,+/+,Total Fat Mass,2019-09-18,4.47,NA,14
99,23036,8905,M,+/+,Lean Mass,2019-09-18,20.23,NA,14
99,23037,8906,F,+/+,Body Weight,2019-09-18,19.2,NA,14
99,23037,8906,F,+/+,Total Fat Mass,2019-09-18,1.94,NA,14
99,23037,8906,F,+/+,Lean Mass,2019-09-18,15.68,NA,14
99,23038,8907,F,-/-,Body Weight,2019-09-18,19.7,NA,14
99,23038,8907,F,-/-,Total Fat Mass,2019-09-18,2.1,NA,14
99,23038,8907,F,-/-,Lean Mass,2019-09-18,15.4,NA,14
99,23039,8908,F,-/-,Body Weight,2019-09-18,20.7,NA,14
99,23039,8908,F,-/-,Total Fat Mass,2019-09-18,2.06,NA,14
99,23039,8908,F,-/-,Lean Mass,2019-09-18,16.62,NA,14
99,23040,8903,M,+/+,Body Weight,2019-09-18,22.8,NA,14
99,23040,8903,M,+/+,Total Fat Mass,2019-09-18,2.04,NA,14
99,23040,8903,M,+/+,Lean Mass,2019-09-18,18.7,NA,14
99,23041,8904,M,+/+,Body Weight,2019-09-18,25.4,NA,14
99,23041,8904,M,+/+,Total Fat Mass,2019-09-18,5.69,NA,14
99,23041,8904,M,+/+,Lean Mass,2019-09-18,17.96,NA,14
58,23300,9153,M,-/-,Body Weight,2019-09-18,21.5,NA,8
58,23300,9153,M,-/-,Total Fat Mass,2019-09-18,1.52,NA,8
58,23300,9153,M,-/-,Lean Mass,2019-09-18,18.11,NA,8
58,23301,9154,M,+/+,Body Weight,2019-09-18,19.3,NA,8
58,23301,9154,M,+/+,Total Fat Mass,2019-09-18,1.14,NA,8
58,23301,9154,M,+/+,Lean Mass,2019-09-18,15.92,NA,8
58,23303,9156,M,-/-,Body Weight,2019-09-18,22.4,NA,8
58,23303,9156,M,-/-,Total Fat Mass,2019-09-18,2.02,NA,8
58,23303,9156,M,-/-,Lean Mass,2019-09-18,18.75,NA,8
58,23305,9158,F,+/+,Body Weight,2019-09-18,19.6,NA,8
58,23305,9158,F,+/+,Total Fat Mass,2019-09-18,1.53,NA,8
58,23305,9158,F,+/+,Lean Mass,2019-09-18,16.06,NA,8
58,23306,9159,F,-/-,Body Weight,2019-09-18,17.6,NA,8
58,23306,9159,F,-/-,Total Fat Mass,2019-09-18,1.46,NA,8
58,23306,9159,F,-/-,Lean Mass,2019-09-18,14.47,NA,8
58,23307,9160,F,+/+,Body Weight,2019-09-18,19.4,NA,8
58,23307,9160,F,+/+,Total Fat Mass,2019-09-18,1.35,NA,8
58,23307,9160,F,+/+,Lean Mass,2019-09-18,15.91,NA,8
52,23338,9184,M,+/+,Body Weight,2019-09-18,22.3,NA,7
52,23338,9184,M,+/+,Total Fat Mass,2019-09-18,0.82,NA,7
52,23338,9184,M,+/+,Lean Mass,2019-09-18,20.37,NA,7
52,23339,9185,M,-/-,Body Weight,2019-09-18,20.4,NA,7
52,23339,9185,M,-/-,Total Fat Mass,2019-09-18,1.68,NA,7
52,23339,9185,M,-/-,Lean Mass,2019-09-18,16.69,NA,7
52,23340,9186,F,-/-,Body Weight,2019-09-18,17.7,NA,7
52,23340,9186,F,-/-,Total Fat Mass,2019-09-18,1.43,NA,7
52,23340,9186,F,-/-,Lean Mass,2019-09-18,14.46,NA,7
52,23342,9188,F,+/+,Body Weight,2019-09-18,17.6,NA,7
52,23342,9188,F,+/+,Total Fat Mass,2019-09-18,1.77,NA,7
52,23342,9188,F,+/+,Lean Mass,2019-09-18,14,NA,7
52,23343,9189,F,-/-,Body Weight,2019-09-18,17.2,NA,7
52,23343,9189,F,-/-,Total Fat Mass,2019-09-18,1.61,NA,7
52,23343,9189,F,-/-,Lean Mass,2019-09-18,13.91,NA,7
52,23344,9190,F,-/-,Body Weight,2019-09-18,16.9,NA,7
52,23344,9190,F,-/-,Total Fat Mass,2019-09-18,1.36,NA,7
52,23344,9190,F,-/-,Lean Mass,2019-09-18,13.72,NA,7
52,23345,9191,F,-/-,Body Weight,2019-09-18,17,NA,7
52,23345,9191,F,-/-,Total Fat Mass,2019-09-18,1.47,NA,7
52,23345,9191,F,-/-,Lean Mass,2019-09-18,13.69,NA,7
37,23486,9329,M,+/+,Body Weight,2019-09-18,17.3,NA,5
37,23486,9329,M,+/+,Total Fat Mass,2019-09-18,1.28,NA,5
37,23486,9329,M,+/+,Lean Mass,2019-09-18,14.69,NA,5
37,23492,9335,F,+/+,Body Weight,2019-09-18,12.1,NA,5
37,23492,9335,F,+/+,Total Fat Mass,2019-09-18,0.75,NA,5
37,23492,9335,F,+/+,Lean Mass,2019-09-18,10.4,NA,5
42,23493,9336,F,-/-,Body Weight,2019-09-18,16.1,NA,6
42,23493,9336,F,-/-,Total Fat Mass,2019-09-18,1.33,NA,6
42,23493,9336,F,-/-,Lean Mass,2019-09-18,13.45,NA,6
40,23494,9337,M,-/-,Body Weight,2019-09-18,19.7,NA,6
40,23494,9337,M,-/-,Total Fat Mass,2019-09-18,1.86,NA,6
40,23494,9337,M,-/-,Lean Mass,2019-09-18,16.02,NA,6
23,23580,9400,M,-/-,Body Weight,2019-09-18,10,NA,3
23,23580,9400,M,-/-,Total Fat Mass,2019-09-18,0.55,NA,3
23,23580,9400,M,-/-,Lean Mass,2019-09-18,8.75,NA,3
23,23581,9401,M,+/+,Body Weight,2019-09-18,8.8,NA,3
23,23581,9401,M,+/+,Total Fat Mass,2019-09-18,0.82,NA,3
23,23581,9401,M,+/+,Lean Mass,2019-09-18,6.94,NA,3
23,23582,9402,M,+/+,Body Weight,2019-09-18,9.7,NA,3
23,23582,9402,M,+/+,Total Fat Mass,2019-09-18,0.68,NA,3
23,23582,9402,M,+/+,Lean Mass,2019-09-18,8.15,NA,3
23,23583,9403,F,-/-,Body Weight,2019-09-18,8.7,NA,3
23,23583,9403,F,-/-,Total Fat Mass,2019-09-18,0.81,NA,3
23,23583,9403,F,-/-,Lean Mass,2019-09-18,7.03,NA,3
23,23584,9404,F,-/-,Body Weight,2019-09-18,9.4,NA,3
23,23584,9404,F,-/-,Total Fat Mass,2019-09-18,1.13,NA,3
23,23584,9404,F,-/-,Lean Mass,2019-09-18,7.24,NA,3
23,23585,9405,F,-/-,Body Weight,2019-09-18,9.1,NA,3
23,23585,9405,F,-/-,Total Fat Mass,2019-09-18,0.93,NA,3
23,23585,9405,F,-/-,Lean Mass,2019-09-18,7.36,NA,3
108,23034,8901,M,+/+,Body Weight,2019-09-25,20.7,NA,15
108,23034,8901,M,+/+,Total Fat Mass,2019-09-25,1.06,NA,15
108,23034,8901,M,+/+,Lean Mass,2019-09-25,17.99,NA,15
108,23035,8902,F,+/+,Body Weight,2019-09-25,18.5,NA,15
108,23035,8902,F,+/+,Total Fat Mass,2019-09-25,1.38,NA,15
108,23035,8902,F,+/+,Lean Mass,2019-09-25,15.06,NA,15
106,23036,8905,M,+/+,Body Weight,2019-09-25,27.5,NA,15
106,23036,8905,M,+/+,Total Fat Mass,2019-09-25,4.17,NA,15
106,23036,8905,M,+/+,Lean Mass,2019-09-25,21.38,NA,15
106,23037,8906,F,+/+,Body Weight,2019-09-25,18.8,NA,15
106,23037,8906,F,+/+,Total Fat Mass,2019-09-25,1.9,NA,15
106,23037,8906,F,+/+,Lean Mass,2019-09-25,14.93,NA,15
106,23038,8907,F,-/-,Body Weight,2019-09-25,20.2,NA,15
106,23038,8907,F,-/-,Total Fat Mass,2019-09-25,1.88,NA,15
106,23038,8907,F,-/-,Lean Mass,2019-09-25,14.88,NA,15
106,23039,8908,F,-/-,Body Weight,2019-09-25,21.6,NA,15
106,23039,8908,F,-/-,Total Fat Mass,2019-09-25,2.16,NA,15
106,23039,8908,F,-/-,Lean Mass,2019-09-25,17.1,NA,15
106,23040,8903,M,+/+,Body Weight,2019-09-25,23.3,NA,15
106,23040,8903,M,+/+,Total Fat Mass,2019-09-25,3.99,NA,15
106,23040,8903,M,+/+,Lean Mass,2019-09-25,17.64,NA,15
106,23041,8904,M,+/+,Body Weight,2019-09-25,26.3,NA,15
106,23041,8904,M,+/+,Total Fat Mass,2019-09-25,5.01,NA,15
106,23041,8904,M,+/+,Lean Mass,2019-09-25,19.87,NA,15
65,23300,9153,M,-/-,Body Weight,2019-09-25,22.5,NA,9
65,23300,9153,M,-/-,Total Fat Mass,2019-09-25,0.74,NA,9
65,23300,9153,M,-/-,Lean Mass,2019-09-25,20.75,NA,9
65,23301,9154,M,+/+,Body Weight,2019-09-25,21.7,NA,9
65,23301,9154,M,+/+,Total Fat Mass,2019-09-25,1.41,NA,9
65,23301,9154,M,+/+,Lean Mass,2019-09-25,17.43,NA,9
65,23303,9156,M,-/-,Body Weight,2019-09-25,23.3,NA,9
65,23303,9156,M,-/-,Total Fat Mass,2019-09-25,2.41,NA,9
65,23303,9156,M,-/-,Lean Mass,2019-09-25,19.53,NA,9
65,23305,9158,F,+/+,Body Weight,2019-09-25,19.7,NA,9
65,23305,9158,F,+/+,Total Fat Mass,2019-09-25,1.51,NA,9
65,23305,9158,F,+/+,Lean Mass,2019-09-25,16.44,NA,9
65,23306,9159,F,-/-,Body Weight,2019-09-25,18.6,NA,9
65,23306,9159,F,-/-,Total Fat Mass,2019-09-25,1.94,NA,9
65,23306,9159,F,-/-,Lean Mass,2019-09-25,14.79,NA,9
65,23307,9160,F,+/+,Body Weight,2019-09-25,19.3,NA,9
65,23307,9160,F,+/+,Total Fat Mass,2019-09-25,0.91,NA,9
65,23307,9160,F,+/+,Lean Mass,2019-09-25,16.59,NA,9
59,23338,9184,M,+/+,Body Weight,2019-09-25,22.7,NA,8
59,23338,9184,M,+/+,Total Fat Mass,2019-09-25,1.22,NA,8
59,23338,9184,M,+/+,Lean Mass,2019-09-25,20,NA,8
59,23339,9185,M,-/-,Body Weight,2019-09-25,21.2,NA,8
59,23339,9185,M,-/-,Total Fat Mass,2019-09-25,1.83,NA,8
59,23339,9185,M,-/-,Lean Mass,2019-09-25,17.74,NA,8
59,23340,9186,F,-/-,Body Weight,2019-09-25,18.1,NA,8
59,23340,9186,F,-/-,Total Fat Mass,2019-09-25,1.38,NA,8
59,23340,9186,F,-/-,Lean Mass,2019-09-25,14.97,NA,8
59,23342,9188,F,+/+,Body Weight,2019-09-25,17.7,NA,8
59,23342,9188,F,+/+,Total Fat Mass,2019-09-25,1.15,NA,8
59,23342,9188,F,+/+,Lean Mass,2019-09-25,14.94,NA,8
59,23343,9189,F,-/-,Body Weight,2019-09-25,17.4,NA,8
59,23343,9189,F,-/-,Total Fat Mass,2019-09-25,1.52,NA,8
59,23343,9189,F,-/-,Lean Mass,2019-09-25,14.05,NA,8
59,23344,9190,F,-/-,Body Weight,2019-09-25,17.3,NA,8
59,23344,9190,F,-/-,Total Fat Mass,2019-09-25,1.41,NA,8
59,23344,9190,F,-/-,Lean Mass,2019-09-25,14.28,NA,8
59,23345,9191,F,-/-,Body Weight,2019-09-25,17,NA,8
59,23345,9191,F,-/-,Total Fat Mass,2019-09-25,1.45,NA,8
59,23345,9191,F,-/-,Lean Mass,2019-09-25,13.91,NA,8
44,23486,9329,M,+/+,Body Weight,2019-09-25,19.2,NA,6
44,23486,9329,M,+/+,Total Fat Mass,2019-09-25,1.29,NA,6
44,23486,9329,M,+/+,Lean Mass,2019-09-25,16.39,NA,6
44,23492,9335,F,+/+,Body Weight,2019-09-25,15.5,NA,6
44,23492,9335,F,+/+,Total Fat Mass,2019-09-25,1.59,NA,6
44,23492,9335,F,+/+,Lean Mass,2019-09-25,12.42,NA,6
49,23493,9336,F,-/-,Body Weight,2019-09-25,17.4,NA,7
49,23493,9336,F,-/-,Total Fat Mass,2019-09-25,1.76,NA,7
49,23493,9336,F,-/-,Lean Mass,2019-09-25,14.3,NA,7
47,23494,9337,M,-/-,Body Weight,2019-09-25,20.5,NA,7
47,23494,9337,M,-/-,Total Fat Mass,2019-09-25,2.17,NA,7
47,23494,9337,M,-/-,Lean Mass,2019-09-25,16.61,NA,7
30,23580,9400,M,-/-,Body Weight,2019-09-25,14.4,NA,4
30,23580,9400,M,-/-,Total Fat Mass,2019-09-25,1.22,NA,4
30,23580,9400,M,-/-,Lean Mass,2019-09-25,12.6,NA,4
30,23581,9401,M,+/+,Body Weight,2019-09-25,12,NA,4
30,23581,9401,M,+/+,Total Fat Mass,2019-09-25,0.82,NA,4
30,23581,9401,M,+/+,Lean Mass,2019-09-25,10.09,NA,4
30,23582,9402,M,+/+,Body Weight,2019-09-25,13.9,NA,4
30,23582,9402,M,+/+,Total Fat Mass,2019-09-25,0.85,NA,4
30,23582,9402,M,+/+,Lean Mass,2019-09-25,11.31,NA,4
30,23583,9403,F,-/-,Body Weight,2019-09-25,12.2,NA,4
30,23583,9403,F,-/-,Total Fat Mass,2019-09-25,0.02,NA,4
30,23583,9403,F,-/-,Lean Mass,2019-09-25,11.73,NA,4
30,23584,9404,F,-/-,Body Weight,2019-09-25,14.1,NA,4
30,23584,9404,F,-/-,Total Fat Mass,2019-09-25,1.45,NA,4
30,23584,9404,F,-/-,Lean Mass,2019-09-25,11.98,NA,4
30,23585,9405,F,-/-,Body Weight,2019-09-25,13.5,NA,4
30,23585,9405,F,-/-,Total Fat Mass,2019-09-25,0.46,NA,4
30,23585,9405,F,-/-,Lean Mass,2019-09-25,12.11,NA,4
72,23300,9153,M,-/-,Body Weight,2019-10-02,22.9,NA,10
72,23300,9153,M,-/-,Total Fat Mass,2019-10-02,1.64,NA,10
72,23300,9153,M,-/-,Lean Mass,2019-10-02,19.59,NA,10
72,23301,9154,M,+/+,Body Weight,2019-10-02,21.7,NA,10
72,23301,9154,M,+/+,Total Fat Mass,2019-10-02,2.15,NA,10
72,23301,9154,M,+/+,Lean Mass,2019-10-02,17.15,NA,10
72,23303,9156,M,-/-,Body Weight,2019-10-02,23.6,NA,10
72,23303,9156,M,-/-,Total Fat Mass,2019-10-02,1,NA,10
72,23305,9158,F,+/+,Body Weight,2019-10-02,21.4,NA,10
72,23305,9158,F,+/+,Total Fat Mass,2019-10-02,2.63,NA,10
72,23305,9158,F,+/+,Lean Mass,2019-10-02,17.82,NA,10
72,23306,9159,F,-/-,Body Weight,2019-10-02,19,NA,10
72,23306,9159,F,-/-,Total Fat Mass,2019-10-02,2.02,NA,10
72,23307,9160,F,+/+,Body Weight,2019-10-02,20.7,NA,10
72,23307,9160,F,+/+,Total Fat Mass,2019-10-02,1.16,NA,10
72,23307,9160,F,+/+,Lean Mass,2019-10-02,17.54,NA,10
66,23338,9184,M,+/+,Body Weight,2019-10-02,23.3,NA,9
66,23338,9184,M,+/+,Total Fat Mass,2019-10-02,1.1,NA,9
66,23338,9184,M,+/+,Lean Mass,2019-10-02,20.67,NA,9
66,23339,9185,M,-/-,Body Weight,2019-10-02,22,NA,9
66,23339,9185,M,-/-,Total Fat Mass,2019-10-02,1.9,NA,9
66,23339,9185,M,-/-,Lean Mass,2019-10-02,18.72,NA,9
66,23340,9186,F,-/-,Body Weight,2019-10-02,19,NA,9
66,23340,9186,F,-/-,Total Fat Mass,2019-10-02,1.54,NA,9
66,23340,9186,F,-/-,Lean Mass,2019-10-02,15.77,NA,9
66,23342,9188,F,+/+,Body Weight,2019-10-02,18.8,NA,9
66,23342,9188,F,+/+,Total Fat Mass,2019-10-02,1.38,NA,9
66,23342,9188,F,+/+,Lean Mass,2019-10-02,15.4,NA,9
66,23343,9189,F,-/-,Body Weight,2019-10-02,18.1,NA,9
66,23343,9189,F,-/-,Total Fat Mass,2019-10-02,1.58,NA,9
66,23343,9189,F,-/-,Lean Mass,2019-10-02,14.8,NA,9
66,23344,9190,F,-/-,Body Weight,2019-10-02,17.9,NA,9
66,23344,9190,F,-/-,Total Fat Mass,2019-10-02,2.46,NA,9
66,23344,9190,F,-/-,Lean Mass,2019-10-02,14.09,NA,9
66,23345,9191,F,-/-,Body Weight,2019-10-02,18,NA,9
66,23345,9191,F,-/-,Total Fat Mass,2019-10-02,2.39,NA,9
66,23345,9191,F,-/-,Lean Mass,2019-10-02,14.14,NA,9
51,23486,9329,M,+/+,Body Weight,2019-10-02,20.9,NA,7
51,23486,9329,M,+/+,Total Fat Mass,2019-10-02,1.44,NA,7
51,23486,9329,M,+/+,Lean Mass,2019-10-02,17.45,NA,7
51,23492,9335,F,+/+,Body Weight,2019-10-02,17,NA,7
51,23492,9335,F,+/+,Total Fat Mass,2019-10-02,1.23,NA,7
51,23492,9335,F,+/+,Lean Mass,2019-10-02,14.06,NA,7
56,23493,9336,F,-/-,Body Weight,2019-10-02,17.4,NA,8
56,23493,9336,F,-/-,Total Fat Mass,2019-10-02,1.16,NA,8
56,23493,9336,F,-/-,Lean Mass,2019-10-02,14.69,NA,8
54,23494,9337,M,-/-,Body Weight,2019-10-02,21.8,NA,8
54,23494,9337,M,-/-,Total Fat Mass,2019-10-02,2.18,NA,8
54,23494,9337,M,-/-,Lean Mass,2019-10-02,18.34,NA,8
37,23580,9400,M,-/-,Body Weight,2019-10-02,16.9,NA,5
37,23580,9400,M,-/-,Total Fat Mass,2019-10-02,0.13,NA,5
37,23580,9400,M,-/-,Lean Mass,2019-10-02,15.07,NA,5
37,23581,9401,M,+/+,Body Weight,2019-10-02,16.3,NA,5
37,23581,9401,M,+/+,Total Fat Mass,2019-10-02,1.5,NA,5
37,23581,9401,M,+/+,Lean Mass,2019-10-02,13.38,NA,5
37,23582,9402,M,+/+,Body Weight,2019-10-02,17.7,NA,5
37,23582,9402,M,+/+,Total Fat Mass,2019-10-02,0.92,NA,5
37,23582,9402,M,+/+,Lean Mass,2019-10-02,14.9,NA,5
37,23583,9403,F,-/-,Body Weight,2019-10-02,14.5,NA,5
37,23583,9403,F,-/-,Total Fat Mass,2019-10-02,1.29,NA,5
37,23583,9403,F,-/-,Lean Mass,2019-10-02,11.18,NA,5
37,23584,9404,F,-/-,Body Weight,2019-10-02,16.8,NA,5
37,23584,9404,F,-/-,Total Fat Mass,2019-10-02,1.27,NA,5
37,23584,9404,F,-/-,Lean Mass,2019-10-02,14.19,NA,5
37,23585,9405,F,-/-,Body Weight,2019-10-02,15.7,NA,5
37,23585,9405,F,-/-,Total Fat Mass,2019-10-02,1.97,NA,5
37,23585,9405,F,-/-,Lean Mass,2019-10-02,12.46,NA,5
79,23300,9153,M,-/-,Body Weight,2019-10-09,23.8,NA,11
79,23300,9153,M,-/-,Total Fat Mass,2019-10-09,2.31,NA,11
79,23300,9153,M,-/-,Lean Mass,2019-10-09,19.3,NA,11
79,23300,9153,M,-/-,Plasma Glucose,2019-10-09,NA,NA,11
79,23301,9154,M,+/+,Body Weight,2019-10-09,22.2,NA,11
79,23301,9154,M,+/+,Total Fat Mass,2019-10-09,2.02,NA,11
79,23301,9154,M,+/+,Lean Mass,2019-10-09,17.36,NA,11
79,23301,9154,M,+/+,Plasma Glucose,2019-10-09,NA,NA,11
79,23303,9156,M,-/-,Body Weight,2019-10-09,24.2,NA,11
79,23303,9156,M,-/-,Total Fat Mass,2019-10-09,2.61,NA,11
79,23303,9156,M,-/-,Lean Mass,2019-10-09,19.23,NA,11
79,23303,9156,M,-/-,Plasma Glucose,2019-10-09,NA,NA,11
79,23305,9158,F,+/+,Body Weight,2019-10-09,20.4,NA,11
79,23305,9158,F,+/+,Total Fat Mass,2019-10-09,2.64,NA,11
79,23305,9158,F,+/+,Lean Mass,2019-10-09,15.5,NA,11
79,23305,9158,F,+/+,Plasma Glucose,2019-10-09,NA,NA,11
79,23306,9159,F,-/-,Body Weight,2019-10-09,19.1,NA,11
79,23306,9159,F,-/-,Total Fat Mass,2019-10-09,2.21,NA,11
79,23306,9159,F,-/-,Lean Mass,2019-10-09,14.97,NA,11
79,23306,9159,F,-/-,Plasma Glucose,2019-10-09,NA,NA,11
79,23307,9160,F,+/+,Body Weight,2019-10-09,20.8,NA,11
79,23307,9160,F,+/+,Total Fat Mass,2019-10-09,2.84,NA,11
79,23307,9160,F,+/+,Lean Mass,2019-10-09,15.28,NA,11
79,23307,9160,F,+/+,Plasma Glucose,2019-10-09,NA,NA,11
73,23338,9184,M,+/+,Body Weight,2019-10-09,24.1,NA,10
73,23338,9184,M,+/+,Total Fat Mass,2019-10-09,1.42,NA,10
73,23338,9184,M,+/+,Lean Mass,2019-10-09,20.63,NA,10
73,23339,9185,M,-/-,Body Weight,2019-10-09,22.4,NA,10
73,23339,9185,M,-/-,Total Fat Mass,2019-10-09,2.21,NA,10
73,23339,9185,M,-/-,Lean Mass,2019-10-09,18.27,NA,10
73,23340,9186,F,-/-,Body Weight,2019-10-09,19.3,NA,10
73,23340,9186,F,-/-,Total Fat Mass,2019-10-09,1.75,NA,10
73,23340,9186,F,-/-,Lean Mass,2019-10-09,15.79,NA,10
73,23342,9188,F,+/+,Body Weight,2019-10-09,19.6,NA,10
73,23342,9188,F,+/+,Total Fat Mass,2019-10-09,1.43,NA,10
73,23342,9188,F,+/+,Lean Mass,2019-10-09,15.81,NA,10
73,23343,9189,F,-/-,Body Weight,2019-10-09,18.4,NA,10
73,23343,9189,F,-/-,Total Fat Mass,2019-10-09,2.34,NA,10
73,23343,9189,F,-/-,Lean Mass,2019-10-09,14.44,NA,10
73,23344,9190,F,-/-,Body Weight,2019-10-09,18.5,NA,10
73,23344,9190,F,-/-,Total Fat Mass,2019-10-09,1.36,NA,10
73,23344,9190,F,-/-,Lean Mass,2019-10-09,15.2,NA,10
73,23345,9191,F,-/-,Body Weight,2019-10-09,18.5,NA,10
73,23345,9191,F,-/-,Total Fat Mass,2019-10-09,1.91,NA,10
73,23345,9191,F,-/-,Lean Mass,2019-10-09,14.75,NA,10
58,23486,9329,M,+/+,Body Weight,2019-10-09,22.2,NA,8
58,23486,9329,M,+/+,Total Fat Mass,2019-10-09,1.57,NA,8
58,23486,9329,M,+/+,Lean Mass,2019-10-09,18.75,NA,8
58,23492,9335,F,+/+,Body Weight,2019-10-09,17.7,NA,8
58,23492,9335,F,+/+,Total Fat Mass,2019-10-09,1.17,NA,8
58,23492,9335,F,+/+,Lean Mass,2019-10-09,14.69,NA,8
63,23493,9336,F,-/-,Body Weight,2019-10-09,18.4,NA,9
63,23493,9336,F,-/-,Total Fat Mass,2019-10-09,1.79,NA,9
63,23493,9336,F,-/-,Lean Mass,2019-10-09,14.66,NA,9
61,23494,9337,M,-/-,Body Weight,2019-10-09,23.1,NA,9
61,23494,9337,M,-/-,Total Fat Mass,2019-10-09,2.36,NA,9
61,23494,9337,M,-/-,Lean Mass,2019-10-09,18.14,NA,9
44,23580,9400,M,-/-,Body Weight,2019-10-09,18.4,NA,6
44,23580,9400,M,-/-,Total Fat Mass,2019-10-09,1.93,NA,6
44,23580,9400,M,-/-,Lean Mass,2019-10-09,14.62,NA,6
44,23581,9401,M,+/+,Body Weight,2019-10-09,19,NA,6
44,23581,9401,M,+/+,Total Fat Mass,2019-10-09,2.07,NA,6
44,23581,9401,M,+/+,Lean Mass,2019-10-09,15.15,NA,6
44,23582,9402,M,+/+,Body Weight,2019-10-09,19.4,NA,6
44,23582,9402,M,+/+,Total Fat Mass,2019-10-09,1.15,NA,6
44,23582,9402,M,+/+,Lean Mass,2019-10-09,16.72,NA,6
44,23583,9403,F,-/-,Body Weight,2019-10-09,16.9,NA,6
44,23583,9403,F,-/-,Total Fat Mass,2019-10-09,1.13,NA,6
44,23583,9403,F,-/-,Lean Mass,2019-10-09,13.93,NA,6
44,23584,9404,F,-/-,Body Weight,2019-10-09,17.4,NA,6
44,23584,9404,F,-/-,Total Fat Mass,2019-10-09,1.91,NA,6
44,23584,9404,F,-/-,Lean Mass,2019-10-09,13.66,NA,6
44,23585,9405,F,-/-,Body Weight,2019-10-09,16.5,NA,6
44,23585,9405,F,-/-,Total Fat Mass,2019-10-09,2.9,NA,6
44,23585,9405,F,-/-,Lean Mass,2019-10-09,12.31,NA,6
86,23300,9153,M,-/-,Body Weight,2019-10-16,25.2,NA,12
86,23300,9153,M,-/-,Total Fat Mass,2019-10-16,2.33,NA,12
86,23300,9153,M,-/-,Lean Mass,2019-10-16,20.92,NA,12
86,23301,9154,M,+/+,Body Weight,2019-10-16,20,NA,12
86,23301,9154,M,+/+,Total Fat Mass,2019-10-16,1.64,NA,12
86,23301,9154,M,+/+,Lean Mass,2019-10-16,16.61,NA,12
86,23303,9156,M,-/-,Body Weight,2019-10-16,26,NA,12
86,23303,9156,M,-/-,Total Fat Mass,2019-10-16,3.33,NA,12
86,23303,9156,M,-/-,Lean Mass,2019-10-16,20.47,NA,12
86,23305,9158,F,+/+,Body Weight,2019-10-16,21.9,NA,12
86,23305,9158,F,+/+,Total Fat Mass,2019-10-16,2.74,NA,12
86,23305,9158,F,+/+,Lean Mass,2019-10-16,17.06,NA,12
86,23306,9159,F,-/-,Body Weight,2019-10-16,22.8,NA,12
86,23306,9159,F,-/-,Total Fat Mass,2019-10-16,1.82,NA,12
86,23306,9159,F,-/-,Lean Mass,2019-10-16,17.72,NA,12
86,23307,9160,F,+/+,Body Weight,2019-10-16,20.7,NA,12
86,23307,9160,F,+/+,Total Fat Mass,2019-10-16,2.14,NA,12
86,23307,9160,F,+/+,Lean Mass,2019-10-16,16.64,NA,12
80,23338,9184,M,+/+,Body Weight,2019-10-16,24.2,NA,11
80,23338,9184,M,+/+,Total Fat Mass,2019-10-16,3.03,NA,11
80,23338,9184,M,+/+,Lean Mass,2019-10-16,19.68,NA,11
80,23338,9184,M,+/+,Plasma Glucose,2019-10-16,NA,NA,11
80,23339,9185,M,-/-,Body Weight,2019-10-16,22.7,NA,11
80,23339,9185,M,-/-,Total Fat Mass,2019-10-16,3.03,NA,11
80,23339,9185,M,-/-,Lean Mass,2019-10-16,17.86,NA,11
80,23339,9185,M,-/-,Plasma Glucose,2019-10-16,NA,NA,11
80,23340,9186,F,-/-,Body Weight,2019-10-16,19.9,NA,11
80,23340,9186,F,-/-,Total Fat Mass,2019-10-16,0.85,NA,11
80,23340,9186,F,-/-,Lean Mass,2019-10-16,16.73,NA,11
80,23340,9186,F,-/-,Plasma Glucose,2019-10-16,NA,NA,11
80,23342,9188,F,+/+,Body Weight,2019-10-16,19.7,NA,11
80,23342,9188,F,+/+,Total Fat Mass,2019-10-16,1.13,NA,11
80,23342,9188,F,+/+,Lean Mass,2019-10-16,16.07,NA,11
80,23342,9188,F,+/+,Plasma Glucose,2019-10-16,NA,NA,11
80,23343,9189,F,-/-,Body Weight,2019-10-16,18.4,NA,11
80,23343,9189,F,-/-,Total Fat Mass,2019-10-16,2.54,NA,11
80,23343,9189,F,-/-,Lean Mass,2019-10-16,14.17,NA,11
80,23343,9189,F,-/-,Plasma Glucose,2019-10-16,NA,NA,11
80,23344,9190,F,-/-,Body Weight,2019-10-16,18.7,NA,11
80,23344,9190,F,-/-,Total Fat Mass,2019-10-16,1.73,NA,11
80,23344,9190,F,-/-,Lean Mass,2019-10-16,14.97,NA,11
80,23344,9190,F,-/-,Plasma Glucose,2019-10-16,NA,NA,11
80,23345,9191,F,-/-,Body Weight,2019-10-16,18.4,NA,11
80,23345,9191,F,-/-,Total Fat Mass,2019-10-16,1.57,NA,11
80,23345,9191,F,-/-,Lean Mass,2019-10-16,15.59,NA,11
80,23345,9191,F,-/-,Plasma Glucose,2019-10-16,NA,NA,11
65,23486,9329,M,+/+,Body Weight,2019-10-16,22.5,NA,9
65,23486,9329,M,+/+,Total Fat Mass,2019-10-16,1.22,NA,9
65,23486,9329,M,+/+,Lean Mass,2019-10-16,19.24,NA,9
65,23492,9335,F,+/+,Body Weight,2019-10-16,18.3,NA,9
65,23492,9335,F,+/+,Total Fat Mass,2019-10-16,1.88,NA,9
65,23492,9335,F,+/+,Lean Mass,2019-10-16,13.85,NA,9
70,23493,9336,F,-/-,Body Weight,2019-10-16,18.9,NA,10
70,23493,9336,F,-/-,Total Fat Mass,2019-10-16,1.07,NA,10
70,23493,9336,F,-/-,Lean Mass,2019-10-16,16.31,NA,10
68,23494,9337,M,-/-,Body Weight,2019-10-16,23.3,NA,10
68,23494,9337,M,-/-,Total Fat Mass,2019-10-16,2.33,NA,10
68,23494,9337,M,-/-,Lean Mass,2019-10-16,19.13,NA,10
51,23580,9400,M,-/-,Body Weight,2019-10-16,19.8,NA,7
51,23580,9400,M,-/-,Total Fat Mass,2019-10-16,1.76,NA,7
51,23580,9400,M,-/-,Lean Mass,2019-10-16,16.8,NA,7
51,23581,9401,M,+/+,Body Weight,2019-10-16,18.7,NA,7
51,23581,9401,M,+/+,Total Fat Mass,2019-10-16,1.41,NA,7
51,23581,9401,M,+/+,Lean Mass,2019-10-16,14.77,NA,7
51,23582,9402,M,+/+,Body Weight,2019-10-16,20.2,NA,7
51,23582,9402,M,+/+,Total Fat Mass,2019-10-16,1.48,NA,7
51,23582,9402,M,+/+,Lean Mass,2019-10-16,16.92,NA,7
51,23583,9403,F,-/-,Body Weight,2019-10-16,17.7,NA,7
51,23583,9403,F,-/-,Total Fat Mass,2019-10-16,1.8,NA,7
51,23583,9403,F,-/-,Lean Mass,2019-10-16,13.4,NA,7
51,23584,9404,F,-/-,Body Weight,2019-10-16,17.6,NA,7
51,23584,9404,F,-/-,Total Fat Mass,2019-10-16,1.41,NA,7
51,23584,9404,F,-/-,Lean Mass,2019-10-16,14.61,NA,7
51,23585,9405,F,-/-,Body Weight,2019-10-16,16.5,NA,7
51,23585,9405,F,-/-,Total Fat Mass,2019-10-16,1.4,NA,7
51,23585,9405,F,-/-,Lean Mass,2019-10-16,13.13,NA,7
93,23300,9153,M,-/-,Body Weight,2019-10-23,26.5,NA,13
93,23300,9153,M,-/-,Total Fat Mass,2019-10-23,3.8,NA,13
93,23300,9153,M,-/-,Lean Mass,2019-10-23,20.56,NA,13
93,23301,9154,M,+/+,Body Weight,2019-10-23,20.1,NA,13
93,23301,9154,M,+/+,Total Fat Mass,2019-10-23,3.4,NA,13
93,23301,9154,M,+/+,Lean Mass,2019-10-23,15.04,NA,13
93,23303,9156,M,-/-,Body Weight,2019-10-23,26.1,NA,13
93,23303,9156,M,-/-,Total Fat Mass,2019-10-23,3.59,NA,13
93,23303,9156,M,-/-,Lean Mass,2019-10-23,20.67,NA,13
93,23305,9158,F,+/+,Body Weight,2019-10-23,21.9,NA,13
93,23305,9158,F,+/+,Total Fat Mass,2019-10-23,2.65,NA,13
93,23305,9158,F,+/+,Lean Mass,2019-10-23,17.57,NA,13
93,23306,9159,F,-/-,Body Weight,2019-10-23,23.6,NA,13
93,23306,9159,F,-/-,Total Fat Mass,2019-10-23,2.04,NA,13
93,23306,9159,F,-/-,Lean Mass,2019-10-23,18.15,NA,13
93,23307,9160,F,+/+,Body Weight,2019-10-23,22.2,NA,13
93,23307,9160,F,+/+,Total Fat Mass,2019-10-23,3.8,NA,13
93,23307,9160,F,+/+,Lean Mass,2019-10-23,16.26,NA,13
87,23338,9184,M,+/+,Body Weight,2019-10-23,25.3,NA,12
87,23338,9184,M,+/+,Total Fat Mass,2019-10-23,3.4,NA,12
87,23338,9184,M,+/+,Lean Mass,2019-10-23,19.84,NA,12
87,23339,9185,M,-/-,Body Weight,2019-10-23,24.7,NA,12
87,23339,9185,M,-/-,Total Fat Mass,2019-10-23,3.73,NA,12
87,23339,9185,M,-/-,Lean Mass,2019-10-23,18.89,NA,12
87,23340,9186,F,-/-,Body Weight,2019-10-23,21.7,NA,12
87,23340,9186,F,-/-,Total Fat Mass,2019-10-23,3.23,NA,12
87,23340,9186,F,-/-,Lean Mass,2019-10-23,15.81,NA,12
87,23342,9188,F,+/+,Body Weight,2019-10-23,20.1,NA,12
87,23342,9188,F,+/+,Total Fat Mass,2019-10-23,1.11,NA,12
87,23342,9188,F,+/+,Lean Mass,2019-10-23,17.12,NA,12
87,23343,9189,F,-/-,Body Weight,2019-10-23,19.4,NA,12
87,23343,9189,F,-/-,Total Fat Mass,2019-10-23,2.3,NA,12
87,23343,9189,F,-/-,Lean Mass,2019-10-23,15.13,NA,12
87,23344,9190,F,-/-,Body Weight,2019-10-23,19.4,NA,12
87,23344,9190,F,-/-,Total Fat Mass,2019-10-23,1.99,NA,12
87,23344,9190,F,-/-,Lean Mass,2019-10-23,15.52,NA,12
87,23345,9191,F,-/-,Body Weight,2019-10-23,19.5,NA,12
87,23345,9191,F,-/-,Total Fat Mass,2019-10-23,2.62,NA,12
87,23345,9191,F,-/-,Lean Mass,2019-10-23,15.22,NA,12
72,23486,9329,M,+/+,Body Weight,2019-10-23,22.3,NA,10
72,23486,9329,M,+/+,Total Fat Mass,2019-10-23,1.81,NA,10
72,23486,9329,M,+/+,Lean Mass,2019-10-23,18.95,NA,10
72,23492,9335,F,+/+,Body Weight,2019-10-23,18,NA,10
72,23492,9335,F,+/+,Total Fat Mass,2019-10-23,1.59,NA,10
72,23492,9335,F,+/+,Lean Mass,2019-10-23,14.63,NA,10
77,23493,9336,F,-/-,Body Weight,2019-10-23,18.3,NA,11
77,23493,9336,F,-/-,Total Fat Mass,2019-10-23,1.51,NA,11
77,23493,9336,F,-/-,Lean Mass,2019-10-23,15.41,NA,11
75,23494,9337,M,-/-,Body Weight,2019-10-23,23.4,NA,11
75,23494,9337,M,-/-,Total Fat Mass,2019-10-23,2.68,NA,11
75,23494,9337,M,-/-,Lean Mass,2019-10-23,19.32,NA,11
58,23580,9400,M,-/-,Body Weight,2019-10-23,20.7,NA,8
58,23580,9400,M,-/-,Total Fat Mass,2019-10-23,1.69,NA,8
58,23580,9400,M,-/-,Lean Mass,2019-10-23,17.36,NA,8
58,23581,9401,M,+/+,Body Weight,2019-10-23,20.2,NA,8
58,23581,9401,M,+/+,Total Fat Mass,2019-10-23,1.63,NA,8
58,23582,9402,M,+/+,Body Weight,2019-10-23,21.9,NA,8
58,23582,9402,M,+/+,Total Fat Mass,2019-10-23,1.47,NA,8
58,23582,9402,M,+/+,Lean Mass,2019-10-23,15.66,NA,8
58,23583,9403,F,-/-,Body Weight,2019-10-23,18.6,NA,8
58,23583,9403,F,-/-,Total Fat Mass,2019-10-23,1.93,NA,8
58,23583,9403,F,-/-,Lean Mass,2019-10-23,15.33,NA,8
58,23584,9404,F,-/-,Body Weight,2019-10-23,18.4,NA,8
58,23584,9404,F,-/-,Total Fat Mass,2019-10-23,2.2,NA,8
58,23584,9404,F,-/-,Lean Mass,2019-10-23,15.05,NA,8
58,23585,9405,F,-/-,Body Weight,2019-10-23,17.5,NA,8
58,23585,9405,F,-/-,Total Fat Mass,2019-10-23,2.02,NA,8
58,23585,9405,F,-/-,Lean Mass,2019-10-23,13.74,NA,8
100,23300,9153,M,-/-,Body Weight,2019-10-30,26.8,NA,14
100,23300,9153,M,-/-,Total Fat Mass,2019-10-30,3.94,NA,14
100,23300,9153,M,-/-,Lean Mass,2019-10-30,20.72,NA,14
100,23301,9154,M,+/+,Body Weight,2019-10-30,21.1,NA,14
100,23301,9154,M,+/+,Total Fat Mass,2019-10-30,3.26,NA,14
100,23301,9154,M,+/+,Lean Mass,2019-10-30,15.92,NA,14
100,23303,9156,M,-/-,Body Weight,2019-10-30,26.4,NA,14
100,23303,9156,M,-/-,Total Fat Mass,2019-10-30,3.24,NA,14
100,23303,9156,M,-/-,Lean Mass,2019-10-30,21.27,NA,14
100,23305,9158,F,+/+,Body Weight,2019-10-30,22.7,NA,14
100,23305,9158,F,+/+,Total Fat Mass,2019-10-30,2.91,NA,14
100,23305,9158,F,+/+,Lean Mass,2019-10-30,17.76,NA,14
100,23306,9159,F,-/-,Body Weight,2019-10-30,23.9,NA,14
100,23306,9159,F,-/-,Total Fat Mass,2019-10-30,2.24,NA,14
100,23306,9159,F,-/-,Lean Mass,2019-10-30,18.77,NA,14
100,23307,9160,F,+/+,Body Weight,2019-10-30,22.4,NA,14
100,23307,9160,F,+/+,Total Fat Mass,2019-10-30,2.5,NA,14
100,23307,9160,F,+/+,Lean Mass,2019-10-30,17.64,NA,14
94,23338,9184,M,+/+,Body Weight,2019-10-30,26,NA,13
94,23338,9184,M,+/+,Total Fat Mass,2019-10-30,3.48,NA,13
94,23338,9184,M,+/+,Lean Mass,2019-10-30,20.33,NA,13
94,23339,9185,M,-/-,Body Weight,2019-10-30,25.8,NA,13
94,23339,9185,M,-/-,Total Fat Mass,2019-10-30,4.54,NA,13
94,23339,9185,M,-/-,Lean Mass,2019-10-30,19.3,NA,13
94,23340,9186,F,-/-,Body Weight,2019-10-30,20.8,NA,13
94,23340,9186,F,-/-,Total Fat Mass,2019-10-30,2.88,NA,13
94,23340,9186,F,-/-,Lean Mass,2019-10-30,15.99,NA,13
94,23342,9188,F,+/+,Body Weight,2019-10-30,20,NA,13
94,23342,9188,F,+/+,Total Fat Mass,2019-10-30,0.51,NA,13
94,23342,9188,F,+/+,Lean Mass,2019-10-30,17.21,NA,13
94,23343,9189,F,-/-,Body Weight,2019-10-30,19.3,NA,13
94,23343,9189,F,-/-,Total Fat Mass,2019-10-30,2.6,NA,13
94,23343,9189,F,-/-,Lean Mass,2019-10-30,14.53,NA,13
94,23344,9190,F,-/-,Body Weight,2019-10-30,19.3,NA,13
94,23344,9190,F,-/-,Total Fat Mass,2019-10-30,2.15,NA,13
94,23344,9190,F,-/-,Lean Mass,2019-10-30,15.28,NA,13
94,23345,9191,F,-/-,Body Weight,2019-10-30,19.3,NA,13
94,23345,9191,F,-/-,Total Fat Mass,2019-10-30,1.37,NA,13
94,23345,9191,F,-/-,Lean Mass,2019-10-30,16.64,NA,13
79,23486,9329,M,+/+,Body Weight,2019-10-30,22.9,NA,11
79,23486,9329,M,+/+,Total Fat Mass,2019-10-30,1.88,NA,11
79,23486,9329,M,+/+,Lean Mass,2019-10-30,19.14,NA,11
79,23486,9329,M,+/+,Plasma Glucose,2019-10-30,NA,NA,11
79,23492,9335,F,+/+,Body Weight,2019-10-30,18.1,NA,11
79,23492,9335,F,+/+,Total Fat Mass,2019-10-30,1.4,NA,11
79,23492,9335,F,+/+,Lean Mass,2019-10-30,14.78,NA,11
79,23492,9335,F,+/+,Plasma Glucose,2019-10-30,NA,NA,11
84,23493,9336,F,-/-,Body Weight,2019-10-30,18.4,NA,12
84,23493,9336,F,-/-,Total Fat Mass,2019-10-30,1.79,NA,12
84,23493,9336,F,-/-,Lean Mass,2019-10-30,14.88,NA,12
82,23494,9337,M,-/-,Body Weight,2019-10-30,23.2,NA,12
82,23494,9337,M,-/-,Total Fat Mass,2019-10-30,2.29,NA,12
82,23494,9337,M,-/-,Lean Mass,2019-10-30,16.53,NA,12
82,23494,9337,M,-/-,Plasma Glucose,2019-10-30,NA,NA,12
65,23580,9400,M,-/-,Body Weight,2019-10-30,22,NA,9
65,23580,9400,M,-/-,Total Fat Mass,2019-10-30,1.14,NA,9
65,23580,9400,M,-/-,Lean Mass,2019-10-30,18.94,NA,9
65,23581,9401,M,+/+,Body Weight,2019-10-30,20.8,NA,9
65,23581,9401,M,+/+,Total Fat Mass,2019-10-30,1.67,NA,9
65,23581,9401,M,+/+,Lean Mass,2019-10-30,15.07,NA,9
65,23582,9402,M,+/+,Body Weight,2019-10-30,23.1,NA,9
65,23582,9402,M,+/+,Total Fat Mass,2019-10-30,1.06,NA,9
65,23582,9402,M,+/+,Lean Mass,2019-10-30,19.95,NA,9
65,23583,9403,F,-/-,Body Weight,2019-10-30,18.7,NA,9
65,23583,9403,F,-/-,Total Fat Mass,2019-10-30,1.67,NA,9
65,23583,9403,F,-/-,Lean Mass,2019-10-30,15.07,NA,9
65,23584,9404,F,-/-,Body Weight,2019-10-30,18.4,NA,9
65,23584,9404,F,-/-,Total Fat Mass,2019-10-30,1.46,NA,9
65,23584,9404,F,-/-,Lean Mass,2019-10-30,15.17,NA,9
65,23585,9405,F,-/-,Body Weight,2019-10-30,17.9,NA,9
65,23585,9405,F,-/-,Total Fat Mass,2019-10-30,2.04,NA,9
65,23585,9405,F,-/-,Lean Mass,2019-10-30,14.02,NA,9
79,23580,9400,M,-/-,Plasma Glucose,2019-11-13,NA,NA,11
79,23581,9401,M,+/+,Plasma Glucose,2019-11-13,NA,NA,11
79,23582,9402,M,+/+,Plasma Glucose,2019-11-13,NA,NA,11
79,23583,9403,F,-/-,Plasma Glucose,2019-11-13,NA,NA,11
79,23584,9404,F,-/-,Plasma Glucose,2019-11-13,NA,NA,11
79,23585,9405,F,-/-,Plasma Glucose,2019-11-13,NA,NA,11
100,23486,9329,M,+/+,Body Weight,2019-11-20,24.9,NA,14
100,23486,9329,M,+/+,Total Fat Mass,2019-11-20,3.17,NA,14
100,23486,9329,M,+/+,Lean Mass,2019-11-20,19.62,NA,14
100,23492,9335,F,+/+,Body Weight,2019-11-20,19.8,NA,14
100,23492,9335,F,+/+,Total Fat Mass,2019-11-20,1.85,NA,14
100,23492,9335,F,+/+,Lean Mass,2019-11-20,15.68,NA,14
105,23493,9336,F,-/-,Body Weight,2019-11-20,19.6,NA,15
105,23493,9336,F,-/-,Total Fat Mass,2019-11-20,1.68,NA,15
105,23493,9336,F,-/-,Lean Mass,2019-11-20,15.51,NA,15
103,23494,9337,M,-/-,Body Weight,2019-11-20,24.1,NA,15
103,23494,9337,M,-/-,Total Fat Mass,2019-11-20,2.82,NA,15
103,23494,9337,M,-/-,Lean Mass,2019-11-20,19.12,NA,15
86,23580,9400,M,-/-,Body Weight,2019-11-20,23.5,NA,12
86,23580,9400,M,-/-,Total Fat Mass,2019-11-20,2.22,NA,12
86,23580,9400,M,-/-,Lean Mass,2019-11-20,18.91,NA,12
86,23581,9401,M,+/+,Body Weight,2019-11-20,23.9,NA,12
86,23581,9401,M,+/+,Total Fat Mass,2019-11-20,2.57,NA,12
86,23581,9401,M,+/+,Lean Mass,2019-11-20,19.04,NA,12
86,23582,9402,M,+/+,Body Weight,2019-11-20,23.2,NA,12
86,23582,9402,M,+/+,Total Fat Mass,2019-11-20,3.15,NA,12
86,23582,9402,M,+/+,Lean Mass,2019-11-20,18.03,NA,12
86,23583,9403,F,-/-,Total Fat Mass,2019-11-20,2.89,NA,12
86,23583,9403,F,-/-,Lean Mass,2019-11-20,16.06,NA,12
86,23584,9404,F,-/-,Body Weight,2019-11-20,19.9,NA,12
86,23584,9404,F,-/-,Total Fat Mass,2019-11-20,2.84,NA,12
86,23584,9404,F,-/-,Lean Mass,2019-11-20,14.92,NA,12
86,23585,9405,F,-/-,Body Weight,2019-11-20,19.5,NA,12
86,23585,9405,F,-/-,Total Fat Mass,2019-11-20,3.19,NA,12
86,23585,9405,F,-/-,Lean Mass,2019-11-20,14.66,NA,12
93,23580,9400,M,-/-,Body Weight,2019-11-27,23.9,NA,13
93,23580,9400,M,-/-,Total Fat Mass,2019-11-27,2.48,NA,13
93,23580,9400,M,-/-,Lean Mass,2019-11-27,19.55,NA,13
93,23581,9401,M,+/+,Lean Mass,2019-11-27,20.18,NA,13
93,23581,9401,M,+/+,Total Fat Mass,2019-11-27,2.47,NA,13
93,23581,9401,M,+/+,Body Weight,2019-11-27,24.7,NA,13
93,23582,9402,M,+/+,Body Weight,2019-11-27,23.8,NA,13
93,23582,9402,M,+/+,Total Fat Mass,2019-11-27,3.91,NA,13
93,23582,9402,M,+/+,Lean Mass,2019-11-27,17.34,NA,13
93,23583,9403,F,-/-,Lean Mass,2019-11-27,16.43,NA,13
93,23583,9403,F,-/-,Total Fat Mass,2019-11-27,2.58,NA,13
93,23583,9403,F,-/-,Body Weight,2019-11-27,21.4,NA,13
93,23584,9404,F,-/-,Body Weight,2019-11-27,20.1,NA,13
93,23584,9404,F,-/-,Total Fat Mass,2019-11-27,2.61,NA,13
93,23584,9404,F,-/-,Lean Mass,2019-11-27,15.4,NA,13
93,23585,9405,F,-/-,Lean Mass,2019-11-27,14.75,NA,13
93,23585,9405,F,-/-,Total Fat Mass,2019-11-27,3.04,NA,13
93,23585,9405,F,-/-,Body Weight,2019-11-27,19.8,NA,13
100,23580,9400,M,-/-,Body Weight,2019-12-04,24.1,NA,14
100,23580,9400,M,-/-,Total Fat Mass,2019-12-04,2.6,NA,14
100,23580,9400,M,-/-,Lean Mass,2019-12-04,19.37,NA,14
100,23581,9401,M,+/+,Body Weight,2019-12-04,25.5,NA,14
100,23581,9401,M,+/+,Total Fat Mass,2019-12-04,2.84,NA,14
100,23581,9401,M,+/+,Lean Mass,2019-12-04,20.19,NA,14
100,23582,9402,M,+/+,Body Weight,2019-12-04,24.7,NA,14
100,23582,9402,M,+/+,Total Fat Mass,2019-12-04,3.43,NA,14
100,23582,9402,M,+/+,Lean Mass,2019-12-04,19.05,NA,14
100,23583,9403,F,-/-,Body Weight,2019-12-04,21.2,NA,14
100,23583,9403,F,-/-,Total Fat Mass,2019-12-04,2.67,NA,14
100,23583,9403,F,-/-,Lean Mass,2019-12-04,15.99,NA,14
100,23584,9404,F,-/-,Body Weight,2019-12-04,20.2,NA,14
100,23584,9404,F,-/-,Total Fat Mass,2019-12-04,2.39,NA,14
100,23584,9404,F,-/-,Lean Mass,2019-12-04,15.39,NA,14
100,23585,9405,F,-/-,Body Weight,2019-12-04,20.1,NA,14
100,23585,9405,F,-/-,Total Fat Mass,2019-12-04,3.29,NA,14
100,23585,9405,F,-/-,Lean Mass,2019-12-04,14.79,NA,14
